食其家(广中西路店),381fd9fcaabd22b61df74d72
顺心沙县小吃,4fc3161a8d6332b03a13fd0b
名悦酒店,6ee010204d4966f653e5c5b6
space,9962138b1790f4f658f6be90
吴江路生煎,f0171fcb55eb22239cec2bd4
禾丰桂林米粉,6488e47eb7129b926f476029
万荣小区馄饨店,260c10dc94d5e8418433048e
台海岸(大宁小城店),0e299cbcfb437067c356acbf
秋林阁(原平路店),bd5046e83a089e58d72ce227
唐宫海鲜舫,aa0c5a29c1da21bb94ec8493
香草香草云南原生态火锅(汇暻店),4a99b39f4dd538cffbdc8538
新膳海铁板烧（打浦桥店）,1d2b593ab11d2098d92f287b
九香贡煲,b05b3c4f9bceaeff32169b5d
宝泰面馆,9fbfeef27e1c095cece4a584
金赛罗烤肉,6f968c399550eb1043e192e0
麦当劳(上海汇景餐厅),abc4360f47adc3ccd8d8915b
小杨生煎(瞿溪路餐厅),01ff258561e41fb340ab9a0d
凹烧凹烧,708d36ecbb0bbb346d20b9a6
萨莉亚意式餐厅,18ca2db7052391fa30169b47
半盆菜酒家,d6ee8724deb3aaf9a9f0cd97
兰州一拉,72aa2513048c0b5e067ce8b7
肯德基(聚丰餐厅),34f68ab0ab81ae138e55ecb7
轩乐诗大酒店,fef8ec42697556e079b55ca1
有家酸菜鱼(聚丰园路店),dd0cc93d41f99ff775e5b628
三村米线,1cea15a944caffdc07fef522
金太牛牛排,552e64a97491d81a4afc8d08
楚汉香武汉热干面,77e62d084d9271fcb23c81ce
呷哺呷哺(宝山沃尔玛聚丰园店),6775a564c3da4131740269c7
Taco Taco,34d44cb5765b1bde01294f45
黑暗料理街,49d9593887a85c5ac71e51a4
通州饭店,b5f9810d8fef3174631809ad
康乃馨小厨,ae237fda2bc50c2d0aa8d46a
盛兴·私厨,9f97b1c58ad6b41fb74f54b9
福建沙县小吃,966931c73f975bb3afee7a83
长阳公馆,87248d96d7a210aa2806cefe
大厨小菜,4a371919421db38deedfca71
日全食,7524cb4f3270f52d05026f81
普陀山海鲜酒店(杨浦店),25ec69fccb22a664c26c14ff
迈玛瑞大酒店,eac8600866283ed4e0110352
海上皇宫大酒店,680fb70366c67d858bb9880f
鑫旺小厨,d2ec590a35a17ddafea778e0
复旦大学北区学生餐厅,a3e8341c7475878c4afd3f0d
首尔炭火烤肉,398a14c9db5530db3ce23172
郑阿姨的家,c21db9e5e444a59a00ff2dfc
釜山火炉(武川路店),f5e3bcae8acab2d85f17c38a
池上便当(邯郸路店),680fb703788073858bb988cd
老虎面馆,39d43f82fa894f9fa9059da2
谷香园餐厅,7388dffd72650df2d3ff2343
复旦大学本部餐厅点心部,2653613a8e89d7898bdb73e0
食神艺厨琴仪会,96b672aa54514c6ccf04efba
肯德基(方浜中路餐厅),990f6ab5bd94ba33260bd0cf
康德菜馆,292ccfcfd14a91c4f82d6106
味道餐馆,ab931411b563a6dc04fef517
城隍庙小吃,637df60a7f8a6b6b40afe651
鼎泰丰(豫园店),d1469ee7c052b77b85330492
阿祥南翔小笼,f633606aefba6e570b69d952
上海老街(人民路),bb1d38e4785d30540c0a704d
四牌楼,2fd2beab8d9cee4b7adbd250
相爷府茶楼,6b530b73519ab424b42655b5
龙皇酒家上海分店,72e57fd7afce5eb6f8dc85d9
厨易时代(宝华店),ac755f37a9cea7494151c0f9
宝华万豪酒店炎川日本料理,3b5833a9b5436217940319d2
宝华万豪酒店都会尚膳,f5e4e4f6c9b98474ed74f88f
潮府酒家(广中西路店),925c550f85bf04ab5b3ac8b6
唐宫海鲜舫,aa0c5a29c1da21bb94ec8493
拾味江河,8efac8dc99688fc73913fdd0
塔顶泰国时尚餐厅(万荣路店),1fa4fe93cbb311387c29bd74
明会私房菜,4cf8d24eaeb251fd9df779a2
越道PHO,75232a462f6ecdbd5d0d0256
宝华万豪酒店万豪中餐厅,25dbac816ff0388b75e5b6db
东方国际海鲜城,e31b0b61c6d03266f4eafc86
晴晴饭店,d24e48ebffb856adafee7adb
荣锦记,50f7d1469031fbdd72210b26
和记渔村(军工路店),803708f10615fd60018972db
宁舟渔港海鲜楼,8ab0dfc4cbcf3c0fd8eced43
福生楼,2471eebff8302b4f9122e048
洋胖海鲜酒楼,72aa251304650b5e077ce80c
永林码头,fe241ee295453415ad31e5f0
海里捞,07e2ea4929bc0be43062120c
巫山烤鱼,41180baa8539f14bbca822b2
云峰酒家(红棉路),3dc9befdb275b317bea240f9
阿英饭店,0cfcbe5b3ac8dfaf0bf5eb81
梦杨饭店,b1385e9b3403903aa8059d8b
肯德基(桃浦餐厅),d52831f9b95cfebe2ffaa7b1
南大饭店,e75fab7080e82f5ee81e978d
河南李记特色拉面小吃三分店,9eb82ea476a22b34d3ff23f1
寿县土菜馆(南大路),cba03ab9325c502a1894c62a
膳晨楼,08fc93dff925d8909b68b4fe
国色添湘湘菜馆,f1f5cac55c7af9e537b06c93
中石饭店,88b5b2798e955c566c47604b
930私房菜,bf3fe7c84e08dbd68bfc065f
聚仙阁大酒店,cc788fde7237dc9388fc06fd
海高妍境,0fe663ce72437e28f92d6141
鼎杰海鲜馆(高逸路店),78bd50f7debda94231870afd
静静餐厅,6835e3a7fbe89457e31103fd
栖庭酒家,042a729170f4c7fa86420efd
锅三爷随意锅(宝山路店),828e89ba686a1e017c29bdc6
粤玲珑,4bdaeae8667eb7d338e4a665
星连心茶餐厅(逸仙路店),34059f976c876e4d70455bb5
肯德基(长江南路餐厅),6037e8f3376d629db35c6a63
曹家庄本地菜馆( 康桥店),91419094cc0493fa9f09f74c
老街渔味馆,5b6e11e86126754c8d772776
上海大饭堂(康桥店),a08a75fa411d2777081cc70e
山水田.黔川原生态菜馆,a008e7f53f3c0d8b9403195e
锅王80后主题餐厅,1c5f528644066513e81e97ab
海轩阁饭店,c3ced946463d3cdc59bbbc42
吉祥馄饨(老街店),d59712076ee886a02cfaa736
渝府我家泡菜鱼,adc2a48e39a8e56249fc8d77
正宗台北吴记麻辣火锅(康桥镇店),7d221f21aaf9e007bd484292
三江汇野生鱼府,a305451996d914c9223bf297
麦当劳(上海长江西路餐厅),d5464cf8d24d704efca778f5
豪大大香鸡排(易买得店),e3a7fd135112544b28b97cdb
必胜客(长江路餐厅),f633606ad03161570b69d9db
肯德基(宝宸餐厅),f696f3c26bddc0f21b11d5db
呷哺呷哺(宝山易买得长江店),e96b44200b2d3b4082288a4d
新石器烤肉(通河新村店),e85e2527c35bea4a94f08cb7
慕寿司(通河路店),1e617aaa03d70534f4231066
魔蹄烤猪蹄,7673ae4a961c5d29c27da2e5
东方既白宝宸餐厅,606ab0d00913c1330e3ddadb
品味蜀南串串香,9d145c5c23305a948bb988d6
重庆老火锅(平型关路店),2848ffd6688e041648cc4a6e
石二锅(俞泾港路店),875ad4af054973d946e2749e
西伊饭店,2a0b4c844841d743fda778df
苏膳坊,6c4299005e78171bb8bd63b6
虹桥人家时尚餐厅(洛川店),084a3a4560b3eaf46f4760fe
家宴私房菜,7c36512e696bc5db7f29bdab
秦风赣水(平型关路店),78518840902714771b11d5db
潮好味酒楼,64c7c84e87c166b41e58009a
金元福酒楼,c28742bcdac460e0740269ec
麦当劳(上海龙金餐厅),d1a1a6f1f7174b4958f6bedc
麦稻香,3da907f3783df54ab320a870
湘聚阁湘菜馆,34f68ab0aa19a1138f55ecdf
好宴世家,1a155c46c20c7c33cd04eff4
南国丰大酒店,adae9f043f4770e0841541c9
三林本帮馆(长清店),556bc6bacae853e0d2f49e62
江南公社(上南路店),5c56edd674623443a1d23075
大富贵酒楼(上南路店),78bd50f7df0ca64230870ab2
东北人家(灵岩南路),6835e3a7f89d9b57e311036e
必胜客(长清路店),fe3a610a8022dc7014c8f627
毛傢湘菜(后长街91弄小区东北),fa835ce2564e99cae912e4ae
龙一海鲜(普陀店),737cfe2666095434c52ba181
华虾乡,19dd569c27dd09261c38946d
尚品鲜,0f95892a80710856441a32b4
明湘府,b6bcc5482dff7ab0df1e52d7
江浙人家,d68fdf7b926ecaf6940319cf
南翔小笼康泰店,00f1c7fbb0eccc06c156acab
东北大菜馆(真金路),e56bf5e3faff875d0682c2ab
东北好人家 华灵路店,1dbf320386c583fcb23c81f1
两潮鲜火锅,97289d118fd1eacbc61e5126
重庆鸡公煲(华灵路店),dffd631c523967a538221c4e
新招鲜打虎山店,31da128d865d04e54151c003
沈家花园(控江店),ea4a3dc977c18a374f5547bf
农记桂林米粉(许昌路店),d146b38816c158c7750269bf
谭氏私房菜,b1c556e857867315b52655bf
侬家厨房(控江路店),5594c5d25758431a441a327b
品尊1号,9a664dec4cbc5bf00ab93a0a
谷谷鸡象山海鲜城,e3e2cd9d167445fac7f50d13
必胜客(假日餐厅),9f97b1c58ad4b41fb74f54bf
豪享来中西餐厅,08f1f1f53c16cbd388db7324
棒!约翰(上海控江店),8fa14fc393cf3977f7eafc27
诚记港味,f02397a69bfadc3308b93a9a
轩客来(常德路店),e89d32cb6d97cd98283a9f1d
魔锅坊麻辣香锅（澳门路店）,2301d31fa2bf668d2ce67bdb
海底捞(长寿路店),be54cde978e60c4179f7969b
深海800米海鲜自助餐厅,5337f560c0f6473ea11de9c4
小芳廷,e0c19cdbfd3e0e094c2fdffb
新南华(长寿店),bba87388f9e45bb9bda822e3
咸亨酒店,56b5a7cf03b8a5293486f4f3
老十七火锅,a5ff83e9276d3b61bca8229a
70后饭吧(常德路店),4edf9fbf76ae998dcc06a45c
老上海菜馆(江湾店),38e48037e9c8bf50363a7182
王家大苑特色龙虾 热气羊肉涮锅(逸仙路),784e905cf7c0334604fef5f7
九香牛蛙店(万安路店),33fbfa83321e54d80bf5ebfc
宁波汉通海鲜大酒店(江湾店),b0d056f2a86ac467cac3dbfc
海底捞火锅逸仙餐厅,dffd631c651616a539221cbb
半岛酒楼·婚宴(逸仙店),be54cde978f80c4179f796b9
肯德基(逸仙餐厅),9f97b1c58b3cbb1fb64f5427
不差钱面馆,38e48037e88ebe50373a7178
粤海酒店328西餐厅,96fb2d046e7c845158109342
麦当劳(上海江湾餐厅),0dc3d82ddd4c427575e5b6dd
一饭碗,f213d31114920e7c9d82ea28
心鲜坊美食茶餐厅,21cb6b81abba251088b98815
咏乐府,a3f21eee231e085d2eb17ea3
肯德基共和餐厅,6fddd7fd4f301b663517dcd5
洞子张老匠火锅（共和新路店）,85721a7e5eb6390d1811d5db
三晋春秋主题餐厅闸北店,160e8590456c6788950319ef
鼎中鼎澳门豆捞(共和新路店),923ffd004c5d70aed82f28f5
小路半月烧,8eb48fa1363452bff32d83c1
汇客美食娱乐广场,589e8cc9a3bbf4fed72ce207
必胜客(共和店),35debf29f7d72c5da6da3927
运时大酒店(环镇北路店),5ffb1816bb72a6466e4760b1
奥灶面,c31faf8197c23f56100daa42
农家土菜馆(上大店),b06953612f540f6102897268
魔锅坊麻辣香锅,cbfa0a3412867172213bf29f
麦当劳(上海上大路DT餐厅),531a5b366313435359bbbcfc
福人海鲜酒楼,3b57201bb083c07102897228
运时大酒店(上大路店),750ec165eb43a7324d3a59b1
巴比馒头(环镇北路店),91c13f932e8232e320f017a4
紫燕百味鸡(环镇北路店),480b24d0743314e89dec2bbd
一品鲜-焖鹅火锅烤鱼,6a2f4969aabc6a76d4851f33
崇明馄饨,fc7675242b989be34e776e20
凡仔汉堡(共江路店),b292b3aa8518424fbf4842b6
老北京羊肉涮锅,5324e92818d52ee97adbd2fe
锅里乾坤,ab32c2a76eaa4fb28bdb7317
小陆海鲜龙虾排档共江店,e889a744430192ac8605bf21
易锅,2c86dd036ce3b42456bfffd4
小吴海鲜排档,a3e8341c012dfa8c4afd3fc5
九门寨石锅鱼(共江路店),630481b1e867ab4778f796b1
鼓浪屿海鲜,f22fbce13265b418f503b8ac
吴氏海鲜烧烤,1ce65fe460f2537db4147fb5
云餐厅（世博店）,9ee392b8d3879758babd63a6
宝莱纳餐厅(世博店),69fcd6df886e0536ca291509
仙炙轩(世博店),8d96925c07d4e25cc1f1cfdd
上海世博洲际酒店巴赛丽意大利餐厅,7c099b7e247a8237f03cbaae
盛会堂中餐厅,9fbfeef279cc065cede4a5d4
上海世博洲际酒店盛会堂中餐厅,9c09a7bf719f68fb9868b4d5
巴赛丽意大利餐厅,4edf9fbf4316e28dcc06a4d4
德国汉堡之家餐厅,956de62b15bb89f8764ff1b9
原味港式茶餐厅,3a82b13acd06f0602902e13f
莫泰酒店(黄浦店),631c4157773dc76030f71da7
方舟餐厅,a25a42b02e0d67a358f6bebb
曹家庄本地菜馆( 康桥店),91419094cc0493fa9f09f74c
重庆鸡公煲(康沈路店),2a7a25ec747aee7a6c3e1b76
老街酒楼,5cc05eb15b5fe85ea8059d65
张记老北京烤鸭(秀沈路店),1a03d4a537f2704cb05c6a7b
好味爱沙县小吃,6c4e839d12e63032d0ff23db
上海祥杰熟食总汇,79172581706e46f99e9d6851
海兰餐饮服务社,e7a7aa6865b0f5622b11d1e8
美灵阁餐馆,9fbfeef2370c3044ece4a5bc
MJ Italian Restanuran,9da4fe9a8c28346995ca0704
鑫龙湾东北菜,9dccce8eb195b078901fc9ce
坛骨论斤,036b1c3e9b79910a2fb90876
家味螺蛳粉中山北路店,480b24d0495619e89cec2b5e
大铁锅,51e2ef7f5c5abb0a4bcc4a3a
长生源粥店(中山北路店),15e1e85ea01cf6bb591093bd
桐庐外婆人家,28e700f15a3d5418095cb336
丰作创作日式料理,ac32fba3a80433728bb988c2
银厨,7643bc665a4b034b0482c21a
鱼下巴湘菜馆,764672e5f3c21bb495ec84e7
何记花甲,f46b75a556eece9e6fc02c6c
云南过桥米线(万航渡路),d24e48ebfe4259adaeee7a9d
东北小菜园,2cc3c8e888977bd54d2fdf3e
吉祥馄饨(万航渡路店),cc0849a00aa61249940319dc
蝶客,d4f4c9094745e1e2b35c6aea
华航饭店,48eb00589c126ab42ee67b9d
巷里巷外粥面铺,3f0ed97b946b7f2d581093c9
福荣祥烧腊(万航渡路店),b3aa435dcc24041215764329
赣湘缘,a12baa406f592b4fe856fa2a
凯福来酒家,2655ccd0b59cb93cf50e77c3
华政黑暗料理街,01ff84225c5f79152ee67bb7
三人行骨头王火锅,2515293fbf21c916eee4a52c
牛百碗(场中路店),c2e65a898c9fdc0114948eaf
鱼林王(彭浦店),cc788fde73cdd39389fc06fb
鑫亮酒家私房菜(少年村路店),3a0a78bd5f44e9e363180905
老北京热气涮羊肉(场中路店),407b182c4398f034f33cbac5
鸡排英雄(少年村路店),606ab0d01a22bc330e3dda28
新宴壹號,ef06a148d556d8f2a11de9eb
大富贵酒楼小吃部(少年村路店),aa9850dbe55077cf03ff2dc0
豪大大香鸡排,2c7e954230fe2b63b23c8130
真得灵咸肉菜饭骨头汤,9f1232c42d94d0019c09f7d1
天水雅居(柳营路店),0ed20a1546fe998e56bfffea
牛牛面馆,732e6e4011fe21d0ebe5828a
新亚大包(共和新路店),04bdf4a38e543056354aaeff
鑫味轩大酒楼,5652bbfcc0e91bde24e0a03d
一品居私房菜,b1a925641edea975b320a8c0
家宴私房菜,7c36512e696bc5db7f29bdab
热度餐厅(柳营路店),c673e8d5c42fe6e4c1f1cff1
豪享来中西餐厅,ead6ad8e0b50df250582c25b
菜兜菜,db5eb73cdeb4300c3fe23187
汉釜宫(盛源广场店),0818f20a719a3ce7e6e9654a
Viagem旅行记创意餐厅,fa6cff676c75bcbbd23ce36d
福大碗牛肉面(政和路店),687c4971ccb4a368373a719f
超越人家,606ab0d0085cce330e3dda0e
小江西农家菜,b64cc1b7e6c26bb18505bfd8
冬冬小炒王,fc2eebd4c9728fc4f7b916a6
菜饭骨头汤,9d1a588f43ff3095f4eafc6e
新巢湖土菜,b39fd8551fc541348c1a896c
台湾小食,15da4f42ed42a011e115f960
黄山鲜肉菜饭骨头汤,479e812c248232494c6d4649
吉祥馄饨(新江湾城店),c7eca12b26563b49e015f985
苏沪人家,adcc630e64ffc5ab2b11d1ef
蓝月湖酒楼,b1c556e857ae7315b52655e7
跃民海鲜楼(世博店),5b25f44623bf15f310293511
食佳传奇火锅(东书房路店),d6c5d9916f8df9f130169b1d
南新家宴,d6c5d9916af4f4f130169bda
蔡家花园,ee4579deab1a6f0dad31e566
蜀歌串舞(东书房路店),a093509d48ca6479b9df8fb7
万州炸酱面,19893784ef4419284c6d46b0
东北串王,05dd7d5f2b844018ad080f6e
九度湘菜,6424cef46cf402365a3ac8e7
阿英煲凉城路餐厅,15a9381079cdfbbc14c8f62c
知味观(场中路店),dffd464266fb4dab3c9a5e0a
林海酒楼,87248d96c0636daa2906ceb9
虹逸坊海鲜大酒店,790d0c296e43d0c1b35c6ae5
景亨宴(场中店),6f707374afccb99a8433049e
辣酷,d93c3429c5e800361c1d1176
何记小菜,750ec165e693da324c3a5961
江湾胜峰颐养苑,d82d6697856b89a7d518b725
灶福铁锅炖,d70e785ab524fabcbda24061
来来餐厅,099d87f4853ef0977f29bd18
安徽土菜馆,d79c9197b4e9d8c1f7231092
新疆喀什烤肉王,49d95938993d225ac61e5131
川渝人家(罗城路),be54cde96a9b7e4178f7965c
衡湘菜馆,7a319fa6c35801a885420e8f
德林火锅(罗城店),0ce65c2df4ea8e402d4733c1
兰州拉面(罗城路),87248d96c0fe6daa2806ce1a
沂蒙炒鸡,e32592797d76330372455bf3
大华饭店,2e00c5ddc7a10705d7851f13
汇湘馆(罗城路店),aafeac7e96afd273cac3dbf8
好再来拉面王,cc12470d8e0b6dabd1f49eac
侬家厨房,5838a1ab374762576c4760f4
老李羊羯子涮锅,05acc2406c5a6501364aae84
老李鱼头泡饼,b245c9d00a1e02e2b35c6acb
潮家牛肉火锅,d266f55768f068f6a2a934eb
情岛海鲜楼,5ce2637d9d342d48af31e5be
圣鑫食府,8cbbbaca63c9f722ede4a5a4
沈家门海鲜(广灵四路店),de324428719b8608a0acc4df
源茂苑酒店餐厅,606ab0d008f6ce330f3ddaf4
海虹宾馆中餐厅,a12baa406ed5244fe856fa5e
杏花楼(凉城店),dffd631c656816a539221cb9
成客酒家,a3e8341c74f3878c4bfd3f8f
深巷子全羊馆,2f9459b4ec6713d459f6bedb
牛牛小菜,887f1a9aa80bfb9b28d7abaf
重庆饭店(绿杨新村西北),7d5f3a0a86821a522db908b8
苏北农家菜馆,f5e3bcae8c26b0d85e17c3de
影影饭店,82d3616c44a1a4baf7b91604
君悦餐饮部,71a7c0dbfead190f3c9a5e80
铭鑫海鲜大酒店,13bbb402752c9f16c8213dcf
鑫旺饭店(祁春路店),979770e14848ce302cb96d88
顺发饭店(祁春路),30ecaa14e48370ecab0dd80f
段氏龙虾(真华路店),739b5446f7269d5f1e580005
重庆鸡公煲(行知路店),fa7da3e87b291e1c43d63eaa
兰州正宗牛肉拉面(行知路),6b0a4f99debc2da4c51e514a
小肥羊(真华路店),46e86fddb2bb1276d03ce3b6
渔翁家常饭,be1ea5ef169afba614948e67
开心龙虾,fb1832f08971d3a5f02d832d
安徽土菜馆大华店,f5e3bcaefaaac2d85f17c3aa
家园春小吃,e93761f642b0b215233bf2b6
明湘府,b6bcc5482dff7ab0df1e52d7
馍馍哥(行知路店),676ffcb8fd164d437ab55c72
光头湘菜(中江路店),cc0849a024976c49940319cf
鱼家日本料理(近铁城市广场店),795c886a57cd538840e1927e
真味川菜(泸定店),4edf9fbf4318e28dcc06a4d2
福建沙县小吃,b3de93dda73a4b6ec6effbd1
小辉哥火锅(近铁城市店),87c9ae1fc570cf56e81e97b6
潮州府砂锅粥(金沙江路店),293313ca4d1c3b7fa8f729d3
寿司王子,a0b57a0f128aaf7f3586f4eb
长宏川菜馆,f5e3bcaef926cdd85e17c3de
鲜味堡(泸定路店),28e700f165044f18095cb3f9
诚湘汇姐妹饭店,75d0881afc571b4e3a04b132
醒目仔香港茶餐厅(武夷路),91c13f932d023de321f01724
长发餐饮,d5464cf8d253704efca7789f
G本部(武夷路店),86afe2ec959039244d554772
蜀九香火锅酒楼(延安西路店),426db8817b40b037734b87b5
三宝粥铺,8f36c83bd459fdfcb23c8187
嘉厨小馆(江苏路店),74465bb9e633e30b26e0a0ca
顺兴(上海延安西路店),3da907f36b36884ab320a875
小肥羊(延安西路店),dffd631c654d16a539221ce2
原食街饭店,34059f976cd36e4d70455be1
衡山小馆(延安路店),bb1d38e4782f30540d0a70e3
曹阿姨炸猪排,5e53af1ad389bf464151c0da
鑫园热气羊肉,3c0ea7c5529a5985fbf0cb42
湘府酒楼(双河路店),2a7a25ec785a927a6c3e1b16
阿三烧鸡公(真建七街坊小区南),4edf9fbf4303e28dcc06a4cb
川沪小厨,91d156ec494ceb522806ce83
方圆村酒家,f11f1426549705f4d81318eb
豪大大台湾大鸡排(桃浦二店),33fbfa83027424d80bf5eb66
高陵路菜场锅贴,0d1f960e4ef9a64f2cb9081f
双河大排挡,5c541834c1333f8daf04574e
鱼羊鲜热气羊肉,e3a7fd13518f544b28b97c7e
沙逊花园,3c0ea7c523c02885faf0cb98
竹园村快餐厅,435d7aea87eed02c5bbbbca3
舒友海鲜大酒楼(西郊店),373cf757bfce17774254d798
玖号公馆,3b89937935088537100daa6f
龙柏饭店3号别墅,bff8fa7de0c80cb9c9213d98
逸和龙柏饭店宴会厅,b533ea4a80c0fb584e6d46f2
佳源,b3aa435dc35707121576433e
白楼,e5a060253a381d50b8df8fad
沙逊餐厅,475cdaa7a3a47006626858d8
阿山饭店(虹桥路),1bf85b25c86631bda0a93498
南香和平价小海鲜,66b599a4ab7892d24f3a5962
华莱士汉堡店(龙柏店),eb3675036f05db0201ec0188
韶山冲湘菜馆,a63970b6846dd5f696ca07ef
肯德基(龙柏餐厅),49d9593887cd5c5ac71e5181
炭吉牛排,cd9a6376505857b757bfffa0
盱眙虾趣龙虾城(黄桦路店),7388dffd6e4c11f2d2ff23a8
龙柏369,ea4a3dc977cb8a374f554781
老盛昌苏州汤包馆,bf3972736b335708ad080fa2
泰煌鸡(黄桦店),f9fd606264cb76060e0e6b81
苏州面馆(黄桦路),3810c879837bd1929c09f742
上海味道,a3a25d3f69a28c99c61e511e
家悦农家菜(三林店),07dd226ba6894a3501294f03
最高鸡密,c724eeb611c3fba7b34c49b8
旺林大酒店,e116be545100d562c91b95d3
品悦酒店·婚宴(三林古镇店),eb3675039d7ca90201ec01b2
三林塘,79cb18db9387744f9d9d68b9
八佰伦韩式自助烤肉,682467db85703078593ac811
跃达大酒店·婚宴(三林路店),b388f9fd8e2bb158b25c6ab2
三林老八样,2a7a25ec7994937a6c3e1b50
大富贵,fe9eb36f33db564aeddfcacc
金钱豹(大酒店延安店),d219bb1d0948808af50e7734
王朝大酒店·婚宴(虹桥店),7fd72311e30c3d865dbe8699
黔香阁(虹中店),cac5fc76860bf3ea2db96d88
新农庄(剑河路总店),af1ae56bb2f8840b4307c19d
上海小南国·婚宴(虹梅店),ea4a3dc977878a374e55477d
徽商会馆,f4460918664dd573b01e369d
肯德基(合川餐厅),56f2f696ae3400990aa8d4c6
唐宫壹号(万豪店),53779b54b28ae7387ec8767a
金钱豹(宴会厅),14a23dfe3fde2977a8175ae2
新加坡泰国村酒楼(兰馨楼西北),80dd070b1c044d9b6e4760b0
阿英煲凉城路餐厅,15a9381079cdfbbc14c8f62c
木萨火锅(奎照路店),24d05508445831b6138824e7
众家亲酒店,e85e25272a7f9d4a95f08c5b
厨房壹号,80772b766660532c4207c1cc
阿三生煎凉城路店,2cfa5cb5e53dad4b593ac837
池沟路早饭一条街,d4034eb30f56a0efc0364456
重庆鸡公煲(奎照路店),ee05a206b3b4e423c27da299
虹逸坊海鲜大酒店,790d0c296e43d0c1b35c6ae5
唐氏肉夹馍,aaa7a465102dfb59fb2213ab
妯娌老鸭粉丝(池沟路店),0a46dc0f1c9cdb47316212b8
文章酒楼(罗香路店),db1f39d49a755976f5c59cc1
枫叶湘味浓南站店,09185c56d73a7b44f11937cc
振鼎鸡(罗秀路店),dffd631c574568a539221cea
麦当劳(上海长桥餐厅),e85e25272be9924a95f08cc1
依依食府(罗秀路店),2fd2beab8dc3ee4b7bdbd281
帆顺酒店,151be7fb8a44b1f55b1093b0
味千拉面(老沪闵路店),5211d21953c472417dc87622
丰裕生煎(罗香路店),cde9e2c7ae13b2ade81e97c1
蔡先生苏州汤包馆(罗香路店),d146b3882fae31c7750269a4
重庆露露,e3a7fd13a605294b28b97cc1
沪上湘,c8b5cdefd8b7cf1a130daa50
金钱豹(上海杨浦店),fd007c5e51ff6a75a8f729c4
舟山警备区上海干休所生活服务中心,3dc9befd7ad18b0fbfa240b4
有油咸肉菜饭店,24d055084bc628b61288246d
江边城外烤全鱼(上海国际时尚中心店),c7fda4a47f108b3b9d82ea5c
1921时尚餐厅,2bb7a1bb5d45f2a5d13ce3a8
三门拾园海鲜面,cfe16160baefeaae077ce866
Ess_Bahn火车餐厅,f7944f9f121da9522811d179
赛百味(国际时尚中心店),f0340881e63d3948a2d23018
比利时啤酒(餐厅店),3af50dca4d877c32223bf2ae
紫燕百味鸡(永泰路店),f4a33da9989082103010af55
西贝莜面村(金谊广场),25b5709cf4fc4f6cf603b89a
70后饭吧(上南店),1c1df84ca33ad5c0770269d7
肯德基(金谊餐厅),2cc3c8e8a72828cf4c2fdf9d
汉堡王(金谊广场店),18b829e8c06d5307eedfcaea
上海汉韵唐风大酒店,2fd2beab9f9e9c4b7adbd252
萨莉亚意式餐厅,febe6a34c0cd1967a8059dc1
豪辣重庆麻辣火锅(上南店),ef01441563480351c036441d
逸飞酒家永泰店,48eb0058869a1cb42fe67b65
呷哺呷哺(浦东金谊广场店),55c111f5e37f24a34d776ec2
微山湖鲁菜馆,1c22c3aaf4774f5b9868b423
川百味农家菜,cde9e2c7ae0db2ade81e97d3
肯德基(高青餐厅),bf29b7022570638009b93a70
大食堂中式茶餐厅,2ab8ff1ed8778400725e808e
万州炸酱面,6ed3083af47314ae2b3a9f73
阿拉麻辣锅,144b58707a37a5110482c26a
阿姐餐厅,28e700f171123318095cb3d3
康师傅私房牛肉面三林餐厅,50f7d146936af4dd72210b6f
重庆鸡公煲(长清店),78bd50f7dfc0a64231870a76
清真兰州拉面,9ff853899dce66db5d0d02b7
宝粤宁波海鲜,b017d179d3a48eb4cf06a4dc
上海人家,8ab0dfc4e5984a0fd9eced8e
华辉港式烧味快餐厅,7d5f3a0a865b1a522cb908d1
共和园酒家,bb1d38e4781e30540d0a7092
南天门海鲜餐厅,fa54c4e2d4e995c20b1cc7f7
兰州正宗牛肉拉面(人民路店),9f97b1c58a8fb41fb64f5450
大块头排挡,504d6113c51d02aa46572652
光头海鲜坊,480b24d04eea1ae89cec2bda
大场面,04ae262adfadf5c5f7e73bd7
滨江欣景大酒店餐厅,92b806d208b903e778b55cb7
避风塘(百联东郊店),5c0c379e78ebbd1e9ee321dd
精悦蓉香锅牛蛙(沪南路店),4306bcd4f63617b477026963
肯德基(御桥餐厅),89fd4ea32c301a5ee5e9653a
和记小菜(东郊百联店),69819cebf36a3e02be484228
必胜客(东郊百联餐厅),05d89b0cbf656e356140a905
呷哺呷哺(浦东百联御桥店),e59b302223bbb6303c9a5eaa
石心亭,d260f5c513a8bf00704b8749
清面坊,d369805e28c5f2542cb96d8c
禾绿回转寿司(东郊百联店),ef952731bf5a420ba3acc4fd
麟笼坊特色小笼包(百联东郊店),68056bbadf76bc8a4207c1f7
三代人酒家,a74481d60908375ff403b8fb
炸鸡韩国,618960f05381e3ded12dd643
汤玛士匹萨店(浦东店),0d1e981ccb3a0d4372455b0c
洲元中韩料理,34989206f6f964309b68b4c8
久悦商务酒店餐厅,18165334473ed41dfb2d61de
汉舍中国菜馆(丁香路店),96b672aa57f6436cce04efd7
比萨之家(联洋店),56f2f696af890f990ba8d4ad
东村韩料理,5e53af1ad3e0bf464151c06d
兰州正宗牛肉拉面(罗山路),fa8c9c6cad08f0ccc51b75b8
茉莉西餐厅,abffa4db44ecb140ddee8b43
川东大院,d42b7a4cbbb162855b109352
享江南,b76585f2b93e658394ec84ea
阿华炸猪排,8db989dee65117fb2fb96d12
沪碟·汇味馆新村路店,8ab0dfc4e5a44a0fd9ecedea
上海小南国(大华店),e889a74430fcedac8705bf92
避风塘(大华店),083a55faa3a49f60246e9809
必胜客(大华餐厅),f4a33da9b6b5f0103110afb6
棒!约翰(上海大华虎城店),79cceb367d5350901f5800a8
炭宝贝炭火烤肉(大华虎城店),2208f770a2145bd4ab0dd8fa
杏花楼(大华南店),96b672aa54554c6ccf04efb6
浅野府,faf2677c37539eff75e5b62a
茗.缘素会馆(延安中路店),94f36699b87df506a5da3901
兰心餐厅,fa01e93716eb0c53764ff19f
黑方日本料理,373cf757bc0118774354d7c9
打望重庆火锅,cc788fde8b83bb9389fc06a8
万岛日本料理铁板烧 锦江迪生店,9613d0e680ee95275e17c3f4
名城煲王,361f9c5923e59fd5c1f1cff8
海金滋酒家,f9fd606264e076060e0e6b9e
滴水洞(茂名南路店),637df60a7ff06b6b41afe69f
Mo-Mo牧场,1cea15a957988cdc07fef570
小肥羊(浦东店),bb1d38e479de3f540c0a70d2
盈美馔,5b25f446321664f3112935ee
金津咖喱(东方路),c16534056593ad7aaa175a99
韶梦酒店(峨山路店),fd13a3f21a04e2e3b1077dd2
德克士(峨山路店),25ec69fcd22ec164c26c14cb
明记 海岸餐厅,fc7675243944e9e34f776eec
麻省理功,d4bf398b1735eecd15a1900c
老碗(陆家嘴软件园店),81e7c36f85ece9ce9de32115
麦当劳蓝村路餐厅,e5157d0078a3c0b9465726aa
席永记苏州汤包馆(蓝村路店),c7eca12bcd92402ee115f92a
德鹏酒楼,edd64ce13be564883ee231f5
金鹏川菜馆,4b3021ad0e46f9fd841541c6
麻辣捞汤,03ec0ea941d8bff4acee7a3f
绍兴饭店(大宁旗舰店),a74481d664f44c5ff503b8ff
新南华大酒店(广中店),08fc93dfb66fe1889b68b40c
上海小南国(大宁国际店),3e791253004d51e16fc02cf8
汉泰东南亚风味餐厅大宁店,ecc9b7cb4a8a534374026936
杏花楼(大宁店),f9fd6062528d04060f0e6b4b
70后饭吧(大宁店),ec7622c29acf112afa0cada6
雍丰酒店(大宁国际店),b9e5d0b8a079c5a580a12eb6
王记牛肉拉面馆,fd007c5e67bb1c75a8f72908
佳华小厨,33a2caff83534aad260bd0d2
石浦海鲜,67d1ee8bc70758e526e0a0e8
麦花香馒头,7705fd3182b4617e7c29bdb0
泰丰馆,bcf5da7226a4f7a0d4851f0f
哈尔滨饺子馆,da410741ab6a0796d92f28cf
当当面饭馆,0569218e5097419222026266
老马土菜馆,cdc4b68179e89a7e36b06c32
川菜王,39783bdbbb8cd88481288a66
高行联帮红发小吃店,04a8e76dad862465d2f49e19
宏玲餐厅,803708f107dcf26000897292
大壶春(四川南路店),48eb00589c216ab42ee67b92
胡记胖子锅贴,606289fda28aca54a3046492
花马天堂云南餐厅(外滩店),f2f15ffbf13f6b91621c6792
上海姥姥家常饭馆,f3c2373cad70de4bd32dd691
万岛日本料理铁板烧(外滩店),94b762553b8af94d100daa59
慧丰大酒店,fc7675242baa9be34e776ed6
茹丝葵牛排馆,1035692f6376089c60180970
黄浦会,c3d0fbc62ebfa90a4d776e9b
老北京前门烤鸭外滩店,3dc9befd7abf8b0fbfa2408e
包旺锅贴(平凉路店),f60a15ed036cecf5bb17e71a
村夫烤鱼鸡公煲,9f912e9845c8757606026f46
来香缘(平凉路店),750368351a6eb8b65e0d0232
山林熟食(定海店),007c7c97ccd6eea16e20b98e
小四川排挡,f757e6ee66c9f90e270bd09d
小林面馆,2e00c5ddc7600705d7851f50
丽华快餐(波阳路店),35debf298acf215da6da392f
馨园酒家家常菜,060f5e53e659ddce091cc7b5
金钱豹(上海杨浦店),fd007c5e51ff6a75a8f729c4
皖南农家,92b806d20dd80ce778b55c96
石塘人家,3bf5f829bc94a0c030621219
日内瓦西餐厅,01f6df64fe74586bbe484283
好宴世家(虹桥店),925c550f85d904ab5b3ac898
舟山海鲜坊哈密店,f696f3c26c27cff21a11d59d
和合粥面馆,b8a0e3d1fcfe82bf6240a974
田园烧烤(剑河路),15a93810a87da8a415c8f6f4
御笼坊(哈密路店),e56bf5e3fa8e875d0682c298
le fournil,1f0439d7042b6f989d82ea41
韩味阁,9ec832069b63d764bfa82258
虹桥1997,5accf00de76b6e1dafee7aef
邱波大酒店,2848ffd61a08761649cc4aec
老张酸菜鱼,f72c3f895da08f16c3f1cf73
烧味王,f6951aac99f8ae5ee812e463
雅家乐酒家,6deee308f843c77328fc48ec
沪豫家常菜,36b4bf6419fa49342b06ce39
安徽饭店,213ac2e6546bb380c909f0a3
金沙滩酒家,53862bbdf6850c263fe23141
苏趣（高荷路店）,8b9632858419226572455b4d
港式烧腊,ffd0826a0199fc01bea24035
豫杰餐厅,78b72ddae1bf6231f7eafce4
三品坊阿姐小菜(涵青路店),593850fbb2ed0344de1e52e5
恒客隆自助烤肉,a0310f731ce8c9029e9d6849
随意点港式茶餐厅,060f5e539f9fb4ce081cc777
亿麦加(涵青路店),cc788fde6ed2c0f489fc06bd
东北大菜馆,ffd6d403fadbe49617b54b53
顺风菜饭馆,4dde10d39e75a4d20f0e6b92
陈记小厨,101bc61b5c518bbac52ba1a4
旺华食府,c0958db78af9806e132935e1
香湘红,6d81d4c0b5646dfedbd8910e
虾满楼,e877f5396707e3782bd7ab9c
Monica芝士焗烤茶餐厅,af21dd9f0ffa1d2cb21e36cb
好兄弟餐厅（国定路店）,9ee392b8e02ee858bbbd63ff
咕的咕的韩国碳烤肉店,795e86f586a9da962cb9082a
外婆经典小菜,fdae72c26d9c6e119de32150
农丰园土菜馆,a9c6da42f032985f93114c57
咪咪小羊自助火锅,b0623f91ad4ed61cabf72919
赛百味(创智科技中心店),b2386c36640cde7eb13c8176
川渝府老火锅,6026d9bd75fbab4114b54b34
徽家厨娘,dcb9c542e09ed6152b11d1a3
重庆鸡公煲(财大店),31f9101b6eb1eba026e0a012
红子鸡·婚宴(澳门路店),93df0dc363325e32892fb599
小金捞上汤火锅料理,bd9b807acd94a292471a323d
食为乐,64ff3be1f6fe2ca291114c98
傣家村大酒店,50f7d14693fef4dd73210be3
融诚之 川东大院(中远两湾城店),b5535a150f225e21374aae5f
粤赣浦江,48f99e4c1fd8fe7a1b94c655
大马头茶餐厅(中潭路店),c61bd3057d850171c27da262
两湾小厨,fc9dd6d9a30a4c12fea77867
澳门制造,d1b6da6a1d57d8bbfb2d61ea
村夫烤鱼(如意店),22e11407bf76dbadd5b74e63
一口鲜面馆,8ceb34595512d00cb7265518
宫廷密制烤鸭(上浦路店),3a361ea1af18efa39cec2bf3
西门烤鸭(凌兆路店),8eb48fa1386950bff32d8312
海澜湾渔港,34e485089038a2fbd8d89123
肯德基(高青餐厅),bf29b7022570638009b93a70
溪林小馆,fa6012c07694b1fa96ca073a
肯德基(凌兆餐厅),04bdf4a38e403056354aaed3
万州炸酱面,6ed3083af47314ae2b3a9f73
西安印象(长青路店),9ee7cc7883054e6916c905dd
阿姐餐厅,28e700f171123318095cb3d3
龙阳海鲜酒家,be1ea5effa4c8fa615948eb5
盈滨轩茶餐厅,d0ec25b8798939334351c048
泰阁苑酒楼,637df60a7e11646b40afe6fc
森林公园小吃店,06d2dffda5ebbcef88f15d12
绿荫坊,f85d6541e9af902fdc1e5262
海里捞,07e2ea4929bc0be43062120c
乐健酒家,606289fd980bbc54a2046413
跃民大酒店(军工路店),f5e3bcaefa48c2d85e17c308
绿荫茶餐厅,04bdf4a38f023f56354aae0d
怀首家常菜,b388f9fdb8cac758b35c6a13
阿英煲凉城路餐厅,15a9381079cdfbbc14c8f62c
阿三生煎凉城路店,2cfa5cb5e53dad4b593ac837
林海酒楼,87248d96c0636daa2906ceb9
唐氏肉夹馍,aaa7a465102dfb59fb2213ab
知味观(场中路店),dffd464266fb4dab3c9a5e0a
楚天大酒店中餐厅,bba87388c5ce27b9bda82285
老板娘餐厅(凉城路),050234e6c88fd107b8bd63c5
景亨宴(场中店),6f707374afccb99a8433049e
联豪（凉城路店）,c0928911a5c2415b38221c33
辣酷,d93c3429c5e800361c1d1176
拉丝维斯阳光餐厅,902f259e031e30c0ed74f83e
广嘉概念餐厅,b8dc737545307acc5cbe86df
东北饭店(华盛国际商务花园东北),374611a9f47e80fe00ec019d
沂蒙山山东水饺,759f6274abdc5165ae080f41
沧州特色火锅,76c14a003feca8c87c29bd8e
安微随缘食府,167622d5b791508897031919
辽宁盛和饮食店,0a9e663e9cd946d474e5b69e
祥米村餐厅,8b9fc7b9a58f1126dcee8b46
川沪小厨,91d156ec494ceb522806ce83
方圆村酒家,f11f1426549705f4d81318eb
繁江酒楼(包头路店),d5f93c0ee9815645ecdfcab4
荣锦记,50f7d1469031fbdd72210b26
东方国际海鲜城,e31b0b61c6d03266f4eafc86
蟹鲜阁水产,db752820d5334310c41b75ba
心臣食品,08409c9ef36ecbee465726cb
晴晴饭店,d24e48ebffb856adafee7adb
超越人家,606ab0d0085cce330e3dda0e
和记渔村(军工路店),803708f10615fd60018972db
宁舟渔港海鲜楼,8ab0dfc4cbcf3c0fd8eced43
湖边蟹庄,1f8d41025d24250097ec84eb
巴厘岛,203528b23d6772b6e60738c5
赛百味(静安公园店),74c933fb987018479e82eac5
纽约客匹萨(静安寺店),e30828482f08e3a6b34c49d9
Mo-Mo牧场 1788广场店,c335c599ccb793975cd4fec4
1788广场地下美食街,e01693d334a10efaa01de9a9
椰香天堂,f1f5cac55da9fee536b06cfc
小杨生煎(芮欧店),beabdbf4e814c8817069d3c2
萤七人间,f9fd6062670979060f0e6bc7
久光美食广场,31f9101b03b4c8ba26e0a033
我家餐厅,7388dffd463e79f2d2ff239a
1来康餐馆,fa01e93707377d53774ff13b
百家千味,a245070efd5036d8260bd0b4
汇膳阁,50a38b9e667b36114afc8dea
丰收日(虹口百联店),606ab0d01a2cbc330e3ddade
东北大菜馆(延长路店),e56bf5e3fa1a875d0782c204
郭记烤羊腿(延长路店),d8b654bd97efeed4774ff123
聚辣重庆麻辣火锅,655c9aa84825f2ff58f6beca
盱眙倪氏龙虾(北宝兴路店),08f1f1f517f4acd389db738a
达美乐比萨(洛川路店),060f5e539d84aace081cc71e
斗牛士西餐厅,669775d02ec76242fd0eb0df
侬家阿婆,cac5fc76975582ea2cb96d4a
早阳汤包(甘河路店),6da66402f514818fad080f77
阿牛嫂桂林米粉(甘河路店),9b889c0fda761ae70c0a7085
虞家宴(曲阳路店),8347b2b8a15e669e81a12eff
牛人自助纸上烤肉时尚火锅(大柏树店),fd465373f28b453121026247
艾尼巴亿餐厅,beabdbf483acbf817169d3ba
阿凡提大饭店,1cea15a94352f0dc06fef5ba
拉菲酒窖餐厅,91c13f933d6f4de321f01703
巴山蜀水川菜馆,c8e8f63301b98775ab0dd825
永和大王(易买得店),4ce10ce643d38db8441a32fe
维扬小馆,cd9d05dd6f7702af84420e90
桔树林上海融合菜,f1fbc21c216d879b8c1a89c7
上海姥姥家常饭馆,f3c2373cad70de4bd32dd691
花马天堂云南餐厅(外滩店),f2f15ffbf13f6b91621c6792
茹丝葵牛排馆,1035692f6376089c60180970
外滩私房菜,d6df91c1366a7e73f7b916c3
万岛日本料理铁板烧(外滩店),94b762553b8af94d100daa59
年代秀饭堂 南京东路二店,681557723e5c0cb4c9fa5fe9
杏花楼(福州路总店),f3c2373cad7ede4bd32dd693
丰裕餐饮(美丽都店),d4034eb3791ad2efc1364492
轩乐诗餐厅(聚丰园路店),b0d056f2ab94cb67cbc3dbfa
聚丰园路梅花糕,44207646ffb44772dfee8bab
聚香美食,a1418eb4085f7866ebe582fe
聚丰园路锅贴店,0677ee1fa786e942efe4a542
南京老鸭粉丝汤,48eb00588e3b14b42ee67b84
重庆鸡公煲(聚丰园分店),7388dffd6e7f11f2d3ff2355
豪大大香鸡排锦秋路店,8920c3d0ca2eb066bd484270
肯德基(聚丰餐厅),34f68ab0ab81ae138e55ecb7
华中饭店,3c0ea7c5eb87109dfbf0cb79
中华小食,d9c6e4bf0cd28a5a7069d32e
麦德香(舒兰路店),08fc93dfb180e0889a68b4b5
时尚小火锅,ccda01114c19c76a6e20b9c3
泰晤士咖啡餐厅(控江路总店),1cea15a98bdac8c407fef5da
钱家老北京涮锅,b3aa435dbfa97b12147643b4
老北京铜锅,15e1e85ea453f2bb58109344
伊黛园酒家,a7c56ee05c633eaaa2acc4b5
私家厨,eb77cdebc634de6a260bd090
稻田海鲜烧烤,e21d9d95f6cd0e171329357e
豪大大鸡排内江路店,341c35defef180a7e6073820
鼎轩阁,341c35de92d6fca7e60738f9
天水雅居(御翠园店),b0d056f2b008bc67cac3db1e
新元素(嘉里城店),69130523dbd5c811725e8064
爆浆玉子烧,a82af267df7075469cec2b00
俏江南(嘉里城店),d24e48ebedd128adafee7a72
上海小南国(会展中心店),5e53af1ad38dbf464151c0d6
徽膳坊,cc788fde8d4fa59388fc0674
唐宫海鲜舫(花木店),14232b9e9b650421bb17e7e7
新旺茶餐厅(嘉里城店),c16534055376fb60ab175ada
西安印象(芳甸路店),e116be54439ba762c91b954a
东北农家菜,dffd631c573868a538221c49
丁丁厨房,4d3d14c1f29cdb872ce67bc7
四季之海,dab59cb117d21496c61e51d4
桂林米粉(长风一村小区西),35debf298821235da7da3995
麦当劳(金沙江店餐厅),50f7d1469015fbdd72210bca
邱记粗菜馆,341c35deff0a8fa7e7073895
鼎有名生煎(怒江路店),435d7aea872fd02c5abbbc60
觉味手擀面NO.1,7a44fa8894d33009ca2915e6
重庆鸡公煲(上海分店),f696f3c26ca9cff21b11d567
秋林阁千岛湖土菜馆,0a9bb7fa4f1d98c9d8eced24
光头湘菜(中江路店),cc0849a024976c49940319cf
联邦酒家,ff3f0ab53fb2e83b354aae20
台台缘时尚火锅(上南店),be1ea5effa448fa615948ead
潮好味海鲜坊,9429eb1c305d479ac9291562
东上海大酒店(上南店),dfc496b600a71db68836eeef
捞王,c3a59aaf810bb9be1329353b
老房子酒家(上南路),231169138c2999e4724b87f2
鱼羊古镇,eda594456c0a8491dbd89114
好骨气火锅,b0ea255ab587e431dc1e52e3
八道湾创意料理,bb4f18699a695133f4e73bfd
必胜客(耀华店),6bf2281e7f3b9eae4c6d4601
盛鸿楼酒店,07f3c8b5628b767a6240a954
同记茶餐厅,3d8b086c9d924716932ca380
新港悦大酒店,75d0881a8fcc48543b04b18d
永和大王(易买得店),4ce10ce643d38db8441a32fe
湘霸王土菜馆,cb4fd14643e9c1589d9d685a
东北饺子人家,f696f3c26bc1c0f21b11d5ff
老鸿兴苏州汤包馆(运光路店),c5a2d6452c87cc05ab175a84
海强面馆,d5f93c0ee9875645ecdfcaba
豪大大台湾大鸡排(曲阳店),4eb3b533269c0a6c43024521
吉祥馄饨(伊敏河路店),beabdbf4eb3cd7817069d32a
浦高酒家(上南路店),2527be1e36e550aa4bfc8df2
老上海生煎包,befdb292075708f8871541fe
重庆鸡公煲(上南路店),5c56edd674673443a1d23076
三钢里,060f5e539de4aace081cc7fe
东上海大酒店(上南店),dfc496b600a71db68836eeef
捞王,c3a59aaf810bb9be1329353b
肯德基(昌里餐厅),1bf85b25c8fd31bda1a9343d
好骨气火锅,b0ea255ab587e431dc1e52e3
八道湾创意料理,bb4f18699a695133f4e73bfd
小杨生煎(昌里路餐厅),435d7aeaed0aa62c5abbbc3f
枫の私厨料理,bef2e0a5173b9b94931fc9bd
蜀公馆成都老火锅(淮海中路店),0a841478b4f2b868250bd013
百事丽西餐厅,b1c556e850647c15b42655d9
很高兴遇见你(淮海店),601562a858ef6c0d4f3a5933
查餐厅(思南路店),e889a74440c49dac8705bfea
兰心餐厅,fa01e93716eb0c53764ff19f
红房子西餐馆,41572e00e7ebf4adb55f1e86
天都里印度餐厅(茂名南路店),55d7445a3ce2c2dcad080f04
万岛日本料理铁板烧 锦江迪生店,9613d0e680ee95275e17c3f4
苏浙汇(茂名南路店),46cf59f06782f8049cec2be5
鲜缘餐厅(江天店),fcc1f41495852d443a04b16a
宝莱纳餐厅(世博店),69fcd6df886e0536ca291509
三顾冒菜,fdcf3ab2a30dc8f749fd3fda
肯德基(浦三餐厅),c879fa01917c5953c809f0ad
客家小厨(临沂路店),f1f5cac5099f428136b06cd2
麦当劳(上海临沂路餐厅),48eb00589c036ab42ee67bec
老汤面馆,dbf4d6eed32ab5336ea3ccee
川香演义(浦东南路店),c7fb04bd5322790cfa0cad7b
天下第一皮,42a8856d95cae6a95fbe863d
金霖酒家(临沂店),550fd5f9738d9f60931fc975
竹寿司,a7b62f95ecf9a9778615418c
沙田港式烧腊,ed3ac8e5fae5b43d43afe66e
高原拉面(万里雅筑西北),d9e8b78d7a3a5ea8a4c7566e
中环国际酒店中餐厅,2ad32cc39bbdb1969c95dea7
中环国际酒店西餐厅,64ff3be1e79153a290114c4b
兰州正宗牛肉拉面(真金路),ce5d1c9843bab241ab175ada
春季海港城,7c5e480b3cb21badadb22a5a
稻香小厨,46e86fdd995f6576d13ce31a
中环国际酒店宴会厅,3dc9befd0880f50fbfa240e5
肯德基(万里餐厅),aa40108b6209220cc5effbd5
兰州正宗牛肉拉面(锦秋路),be54cde978950c4179f796aa
今世缘海鲜大酒店,866f9013eaca11b417b54b96
名就餐饮,5c2dc21d9f30961d6fc02c27
久威饭店,96c3777ce0ef9fc15abbbc88
夏记烤芝麻板鸭(市台路店),13602d013993a997badf8f77
中华红焖,9be5529c35f28b184bcc4acb
湘赣饭店,21a4c07018790eb70c0a70be
上海名就餐饮管理有限公司,6c665304a250e8f4d23ce361
老绍兴海鲜大酒店,2bcfc67cd15b13b457bfff80
福建沙县小吃(金地艺境东北),7a17c6a51775a9feb75f1ed8
两潮鲜火锅,97289d118fd1eacbc61e5126
虾之海倪氏龙虾（华和路店）,2e92009209a0959c81a12e83
壹品湘菜,014a8f9b439c39358bb988b7
小鱼儿,95a8fd839997afb08605bfbf
齐乐湘菜,ffa597f992445c3761685866
重庆鸡公煲(中环一号店),38539d719e9c1feabea24028
亿麦加(华和路店),3aa6e2be392679784c554776
龙一海鲜(普陀店),737cfe2666095434c52ba181
好滋味炸鸡店,ebc6fcb5f5d7c1b43586f48c
迎春饭店(真大路店),69741ffd123eb70b1d389443
麦万樽,08f1f1f515fcb2d389db7382
鼎记港式火锅,0a401f60dacd0d59364aae92
聚膳坊,bfb71f6380651ef0250bd0dc
振鑫骨头王火锅浦东大道店,b5b6c3fe46ae70e9a80dd874
蜀华楼(崮山路店),a3e8341c74d5878c4bfd3fed
奈美居酒屋,3bd671c00bf5bebbd0ff232f
E海鲜,0cfd4e5f4630bec481a12e89
金湘缘,ef677a8db9a6aa2a4f3a59ee
小绍兴(民生路店),bff8fa7de0e30cb9c9213ded
歪串串浦东,ce3abf0eace2e5f93913fd76
韵色,5d0222d8843b63b660180976
浓汤拉面(方斜路店),1e60f691aa555941081cc7f6
赵记桂林米粉(方斜路),06d2dffd97d8ceef88f15d1d
特色荠菜肉馄饨,bcaebff8be149b4dc9e33c53
小肥羊餐厅,2cc3c8e8971558cf4c2fdf96
辣肉丝面馆,e889a74440bd9dac8605bf4d
麟笼坊特色小笼包(建国东路店),09185c56d4f97444f0193789
永和大王(陆家浜路店),0c5ae10f9178eb769cf779fb
长脚汤面,5211d219416800417dc87646
老绍兴豆浆店,dffd631c652216a538221c47
220辣肉面馆,3004842c909a6182e6e96533
吉发酒家,6ee010204d0f66f653e5c5f8
阿木龙虾(包头路店),49a02a7a3a365e592b201a22
争强饮食店,a1418eb4090d7766ebe5820c
正宗山东水饺,2e6388459fc48bcd8a36eeb5
百味林(图门路店),7ffc787647ff8be7a8f0cdd7
老顺昌汤包馆,ca729592260f62b986420e1f
麻辣捞烫,cf8df474c1e3b6b39de32144
鲜粥道(延吉东路店),e6c95ee47aa4cdb24251c0e7
沙县小吃,5c2dc21da5b5801d6ec02ca8
九间堂会馆,f60a15ed455b3691bb17e70b
苏浙汇(联洋广场店),f1f5cac5083c4d8137b06cad
丰收日(联洋广场店),f5e3bcae8c20b0d85e17c320
避风塘(联洋店),68c3c1422319df7680a00cad
囍越越南餐厅,dd34c2b32a33f206aecb66ee
老克勒上海菜(联洋广场店),d146b38816ef58c7750269e5
渝乡人家(大拇指广场店),a74481d617563d5ff503b859
近江和牛正传(大拇指广场店),a5097bfab71aa47af03cbad6
花见(联洋广场店),0f74074d91b8f42e57bfff0a
埔里老镇(上海证大丽笙酒店北),8eb48fa136e852bff22d838d
麦当劳(殷高西路餐厅),eef2d5289bab28be3ae4a6aa
辛田人家,336bd8503bd11aa8b817e76a
大厨小菜,5975485cab8d039d220262d8
吉祥馄饨(殷高西路店),d7e196e30b848091db13186a
和美酒家,1767ed558e7c5285b8bd63c4
高句丽(殷高西路店),3280aee20a263bdc8c55ec48
精品牛肉面,ff75af42e0e4853196ca0762
津知味,bff8fa7d8c8378b9c8213d4d
彭浦第一炸,021becc43ceae56445e274d5
老德兴面馆,475c1d7c83ba253f100daa3e
南国丰大酒店,adae9f043f4770e0841541c9
三林本帮馆(长清店),556bc6bacae853e0d2f49e62
必胜客(长清路店),fe3a610a8022dc7014c8f627
重庆灶王火锅（恒大长青商城店）,6424c8ff7c9d6ba3990050e5
富春人家,4b1fc7a26454c30c4e776e0b
朵颐香辣蟹时尚餐厅,4d3b110fa8931df6246e989f
鼎枫料理,bde8db637d59b61110293521
MovieHotDog,a46838b114ffaf86d12dd615
汇友扇贝王,99f87372840505b9f219376d
锦川新概念火锅,5ad49c55d3614c03a0a93482
米西miss,5e265469d5d90de3b5147f9a
七宝人家,cac5fc76861ef3ea2db96dbd
真良家菜馆,9ee7cc7883244e6916c905c2
鑫涛渔村,7fd7231111f64f865cbe86d7
颖尚生态餐厅,9ee7cc7870083d6916c90521
风波庄(七宝店),593850fba7027044df1e52fe
段氏龙虾,447b9ac7847da9ba018972d6
七宝老饭店,5c56edd6751b3b43a1d230c2
正一品食品(汇宝国际广场店),480b24d04ed01ae89cec2b20
百年龙袍蟹黄汤包(北大街店),4cf8d24eb79238fd9cf77942
Osteria生蚝吧&意大利餐厅,33fbfa8331fc5bd80af5eb9e
Le Vin,161a0ed2605f97495dd4feb2
masse,81d6a509d40140596e20b9fd
兰心餐厅,fa01e93716eb0c53764ff19f
打望重庆火锅,cc788fde8b83bb9389fc06a8
海金滋酒家,f9fd606264e076060e0e6b9e
万岛日本料理铁板烧 锦江迪生店,9613d0e680ee95275e17c3f4
Mo-Mo牧场,1cea15a957988cdc07fef570
俏江南(881会所店),72aa2513d2d23146067ce885
滴水洞(茂名南路店),637df60a7ff06b6b41afe69f
涟波,d991e1162241f54c1e3894e7
沃歌斯(古北店),bf29b70225d9638008b93a9b
泰福太福,aaf0c0c0696cb8bae5073854
海逸海鲜(古北店),c7e07c5d6e0d1af5fa42b2e2
苏浙汇(古北店),e3a7fd13a7d0264b29b97c9a
避风塘(古北店),ea4a3dc977e88a374f5547e6
鹿港小镇(黄金城道店),43b7e8896565b97359f6be9b
味藏(古北店),2ab2aaa34423b6bf931fc9e2
平壤高丽餐厅(古北路店),7503683517dab7b65e0d027e
豆捞坊(古北店),dffd4642666b4dab3d9a5e9a
七宝人家,cac5fc76861ef3ea2db96dbd
风波庄(七宝店),593850fba7027044df1e52fe
尝相思中式快餐,ae463d1485fccb8a1d580030
七宝小菜,bf29b702242b6c8009b93a25
碗与锅(七宝店),a8d3317c475222a8f8f0cb8c
米西miss,5e265469d5d90de3b5147f9a
饭香酸菜鱼馆,78bd50f7df7ea64230870a80
酸菜鱼馆,e347290669714f6a27d2bb52
上海阿婆私房菜(七宝店),108b1cea7f7472b53586f4df
愿来餐厅,d13822aae8b459f69fec2b78
食之秘(江湾城 素之秘店),902397dd600888718f1a896b
福大碗牛肉面(政和路店),687c4971ccb4a368373a719f
芭堤雅假日酒店（餐饮）,9c858bbff5294aab0d3dda25
成语菜馆,eb88b27029b3142dcd04efc0
Viagem旅行记创意餐厅,fa6cff676c75bcbbd23ce36d
凡仔汉堡(闸殷路店),fa01e93719210353774ff121
芭堤雅假日酒店餐厅,abd60eec204e4898902ca326
豪大大鸡排,5fea58270f7373dc7f29bd7e
复旦新江湾校区川菜馆,78bd50f7dfefa64231870a13
台湾小食,15da4f42ed42a011e115f960
随意77,4e5645bdccb04ac60c0e6b60
留夫鸭(海阳路店),28e700f16e344018095cb329
巴比馒头(海阳路店),3da907f3783bf54ab320a86e
肯德基(高青餐厅),bf29b7022570638009b93a70
西安印象(长青路店),9ee7cc7883054e6916c905dd
兄弟盱眙龙虾,4eed31d60abaca517bf79670
品记港式火锅,ff44eee245f94a3796f08cfd
康师傅私房牛肉面三林餐厅,50f7d146936af4dd72210b6f
重庆鸡公煲(长清店),78bd50f7dfc0a64231870a76
豪大大台湾大鸡排(三林店),7fd7231111f04f865cbe86d5
上海小南国·婚宴(老码头店),e6ee2fd2f87c92512b11d121
孔乙己月明楼,631c41572550957830f71da8
尚九酒店外滩店,efa05cc2c7c59b10d13ce33e
SIGMA-开在江畔影院里的艺术餐厅,c61bd3054fc77371c27da220
鼎苑,34900fcabfc1fe1221f0174a
G Water Front,f005e0b91db4fed60b1cc73c
浦江春晓,fbccf41f64d51284fa0cad20
榆源(老码头店),506445c1d20816c86c3e1b05
真功夫(塘桥店),fb9db10f4f5f9d294afd3f57
景汇Vista,fedd1ffa6c19a8ad54bfff27
龙象海鲜大酒店,92b806d23a1d71e779b55cdb
西北人家私房菜,af6339959c3902d44c3a5982
东东骨头王火锅城(莲安东路店),dfc496b600a01db68836eef2
聚丰港海鲜酒楼,dc0f0adc1da78238f92213b6
阿辉饭店,e889a744409a9dac8705bfac
兄弟连海鲜烧烤,5f60824eaadf5419afee7a30
老八样,4c97f6f6a42458ad843304ee
孙家坊,f7ac8ca45205ab3d4107c1a2
象山渔村,dcb5541f37c307a7b64f541b
竹炭烤全鱼,62d77a02a0337e443a13fd02
四季粥坊,4a431dee64f9fe91abf0cde8
乐再乐小厨,e2c734e40542454414a190b2
千面小居,4c5af8cf1e53c90a4e776edc
肯德基(东安路站餐厅),d4f82f6e5a1e40a4d42ce216
祥和怡家,871ee5375cb19b26a5da392c
复茂小龙虾(宛平南路店),7bfa08fc2eec356624d2bb85
石锅坊,37b9e19119c25b894afd3fc1
湘轩酒楼(宛平南路店),2527be1e36da50aa4bfc8d87
新利查西餐馆,d219bb1d0836818af50e77d2
永和大王(东安路店),4ce10ce66a85fab8441a3210
食之秘(江湾城 素之秘店),902397dd600888718f1a896b
竹岭风壹号,92fc3ebacb29ebb0bea2400e
锡伯新疆餐厅 杨浦店,6b24346d6b0f5a2ecf06a48c
鑫城大酒店(宁城路),56e88cba911c717ca4c7560f
大块头龙虾,6148d2256c78845f28201add
沙县小吃(开鲁店),7aea43b72c5090e17c29bd23
老徽州特色面馆,711d5b9fd399c54d07fef5b6
乡下人土菜馆,e2cf705b1e9dbe0f72210b15
大众快餐,618555b36c33f5a231870a6a
谢记私房菜,7c5e480b05ec10adacb22abc
宁波海鲜码头,dd35d5e87482ad4c3310af1f
绍兴家园(康士路店),d991e11636c1814c1f389467
东北大馅水饺,e6ee2fd2e9a3e3512a11d1f0
新繁阳中式快餐(康桥店),60eb380aa69e6cc2901fc92d
古月轩,3da907f37837f54ab320a87a
老街渔味馆,5b6e11e86126754c8d772776
肯德基(御桥餐厅),89fd4ea32c301a5ee5e9653a
毛家湘土菜康桥店,eef2d528d0dd11a63ae4a6bc
好味爱沙县小吃,6c4e839d12e63032d0ff23db
阳松芳米皮(康桥路店),0719f419b7ab868e15764329
老北京铜锅,6f08612eb5b385168bf15da1
人民食府,cc0849a0218f6949940319c7
百草牛肉汤,8267b20182b4687f4f3a5934
老街渔味馆,5b6e11e86126754c8d772776
兰州拉面,f757e6ee7770860e260bd01a
重庆鸡公煲餐厅(康沈路店),22e11407b2c8c8cad4b74eb4
村夫烤鱼(康沈店),a3a9704e769073c4354aae2f
巧湘汇,9fbfeef24f4a785cede4a55a
薇婷故事 浦东会馆宴会厅,f12e78cd0e82d3d2a80dd8f2
刘记宝岛馆,e2c734e41d992d4415a1906b
