香港修身堂瘦身纤体(静安寺店),93df0dc362e85f32882fb537
舒适堡美容纤体静安店,5c2dc21d8a21e91d6fc02c34
丽人纤体,f3ee07f4298a833e1d1d110e
富医生专业瘦身工作室,6108521128ae82b8c51b7500
恩雅美容纤体中心(静安店),53eda44287701f7d6ca3cc58
余祖萍专业经络瘦身(愚园路店),72e57fd75a6723b6f8dc8546
唯伊美专业女子瘦身连锁机构(静安店),b9e5d0b8b38fb4a581a12e08
袁氏亚健康调理中心,fbf9858c7b2c560e028972ac
蓓缇美容美体养生馆,021fcaf9f058b5ba82288a91
秀域古方减肥(静安寺店),128fc403d6836439b23c81e3
巴麦隆烤肉(虹口店),b533ea4af78b86584e6d46b5
西域烧烤,e6ee2fd2e9cfe3512b11d154
新疆烧烤王(曲阳路店),2cc3c8e894ce57cf4d2fdfff
曲阳路烧烤摊,9fbfeef27e4b095cede4a555
新疆烧烤王(广灵店),85635a11c5adfd3ac356ac7b
咕的咕的韩国炭烤肉店,213a7fd927cb65a72902e146
小褚烧烤,d6b52dddbaff9c0d57bfff34
枫叶轩烧烤,606289fdae1fb654a204643f
天宝西路烧烤摊,bba87388f99c5bb9bca8225b
一期一会无限量烤肉,233d53e54f20d4caafb22a59
沈宽电脑调漆中心,99e4ba3d51971447441a32ab
上海美达兰装饰材料厂,52a5dc65f46c37f540e1926b
上海市高桥石油加工厂,46e86fdd4b822b6ed13ce361
上海市高桥制氧厂,e56bf5e3de13a3470782c221
上海浦东宏达染料表面处理厂,4bbfb0d6902a4a39734b87ab
绿菱特种蜡制品厂南门,5a3cada7d09880f5c27da22f
上海绿菱特种蜡制品厂,08fc93dfc4e8f3ef9a68b4b0
上海亘炬彩钢夹芯板厂,42177f43d081db5cf603b845
徐汇区人民检察院派驻虹梅社区检察室,228a404b2063ca83ce04ef85
上海小荧星艺校艺术团,20ceebe3587334d530870aad
思名装潢公司,82da3a23cf848212744ff11a
缘环装潢公司,5d51354caf347c9002897266
松下盛一装饰(上海)有限公司(长宁路店),31766c04079d6c0f4f3a5956
上海商务中心(曲阳路),7a3b35bf9126f58a631c67a3
柏树大厦,d7fd2ad3b672c9550bccdd33
沪办大厦,4da911b51c76ac73130daab1
上海国际设计中心,0328da63fa75bd08fbdc855f
同济科技大厦,543f651c9884ac9728b97cc5
复城国际910号大楼,a3e8341c75dc868c4bfd3ffa
榕辉大厦,e85e252775afa45295f08c33
同济·晶度,3e4d8a8c9e489845a80dd840
柏宏大厦,2ad32cc35159f78e9d95de33
明道大厦,680fb7032eda459d8bb98833
爱爱鲜花婚庆,be7df91d614c9133734b8701
上海振坤海洋工程技术有限公司,7c88534bafc39453fbdc8541
天山路口,bb9cf1d1f97c8c94210220e6
上海毛戈平形象设计艺术学校,8e0b91b32c302602a3acc462
东源商务会馆虹桥店,c61bd3054a0d7471c37da2ea
上海外贸学院体育中心,ebfb55067a42729c15a190bb
上海扬子江国际商务大楼,5e53af1a9aeef45e4151c01f
东华大学延安路校区-中心大楼,6be4ec19b1f4a5016f3e1b26
上海国际展览中心停车场-入口,26ce48f4d5ec96569cf7795a
虹桥雅高美爵酒店停车场-出入口,b645d9a8a032f08a2811d160
虹桥绿地烧烤,00586108bcf794bc46e274d1
民航上海医院-整形美容外科,e889a7443e8d9fac8605bf5d
汤姆狗宠物中心宝山店,d13d41379e2e212ba8175a6f
卡比龙宠物,6ef3ae7dd816d43ccae33c7f
胖仔宠物之家,6dcf7006d5d1b5528c1a891d
上海世畅水族用品有限公司,1a0ea154019e2ba583a00c59
海友酒店(浦东店),b703e96bca894fe38f1a8913
上海明悦大酒店,e889a74441769cac8605bf18
黄山宾馆,75d0881a9e7a39543a04b11f
春馨假日旅馆,bb1d38e4241484300d0a70b8
上海万和亚隆国际酒店,2cc3c8e8a5c526cf4d2fdfc6
汉庭酒店(上海张杨路店),87f1417a92d602c2260bd0f4
兴荣温德姆至尊豪廷酒店(浦东大道店),3da907f36728f44ab320a81f
上海无忧求职公寓龙居路店,0610740cc0f9a9d5f4b91651
信和商务酒店,03398fe842faab22a0acc450
辰骐宾馆,09185c56b8c4505ef019378c
美车堂汽车快修中心no.8008,136d2e2f1a09c6a938221c91
上海市汽车修理公司大众延中汽车快修站,db1f39d49d135476f5c59c6b
上海技嘉汽车维修服务有限公司,33ead731a6d59a0d2a02e1c9
上海陆宝泰尔物资有限公司成都路分公司长江快修,cd9d05dd6d2e00af85420e4b
沈杨通讯,d4ffcc62375a1d389c09f72b
星海移动通讯,7747e71ecf11152f047ce8fa
上海祥通汽车销售服务有限公司,e4a35dea6bf7708b2ce67bc9
浸话论,5e78bda97aeb674d750269f8
阿香美（上海浦东新区旗舰店）,a3caf4097c22d528eee4a511
清源堂,a9782541506e8084cae33c52
停车场,cf5ee8f4ff6171c46b49f320
绍兴饭店-停车场,5c2dc21df885fb7a6fc02c7f
停车场,eaf4bc7bebb5f2768f55eca2
百汇园-停车场,8cd55cc40985be5943afe62a
东航龙华苑停车场,40a9498e1f6861a1fa42b24d
31弄俞一小区停车场,e2792293acaa845516a190d6
俞三小区-停车场,113f1a93b22793d4b75f1e8f
华龙新苑小区-停车场,c5f0499f4e5b3e524657268e
龙华路路边停车场,96996f102f5744ebf7eafccc
欣星快捷酒店(上海南站店)-停车场,536d7387289a583cf50e77c4
梅陇老年人日间照料中心,8196d6b706e5bf5ac6effb48
徐汇区梅陇敬老院,8e5be614127e170b1994c68b
徐汇区日月星养老院,a5ef680f89cf62aab9df8fd0
上海徐汇区凌云敬老院,dbf4d6eedcf1bc286fa3ccce
徐汇区第二社会福利院,bb0a3c9d3a27879ad1f49e09
徐汇孙克仁老年福利院,d53d58eea1353bbf744ff17f
陇南敬老院,c93fc2c9e3887d1edbd8911a
顾村镇海蓝学校,cc0849a07d1c25519403197e
陈行新村幼儿园,56e2123b1c10fe9c2a02e18c
露云招待所,3b6e5008ba2ec96126e0a01e
汶水路出口(汶水路东向),2f8dfede897f2f947f29bdca
桃浦镇社区学校莲花公寓分校,cc35c144f350fce4bda2409a
乐康母婴孕婴生活馆(久丰店),8ff32347f2e1ef87e5e96522
入口,dc66d78f2d92822587330433
信誉钟表店,fd0259cd07175ce921022005
钟表店,93424b062cf405700782c2af
眼镜钟表店(北石路),63cd1d0aa4da0bf36240a902
贝孚幼儿教育(花木分部),a45aa5e94283ec2b5e17c38f
星贝儿童馆,90cee08add3201a488b98875
棒棒贝贝（浦东花木科技中心）,b1f25cae19aeb1cee4e965ef
我的琴室,daf44417e2b35ad53be4a603
梓闻轩,85cc16f38e975d09d81318e5
do re mi钢琴教育,a0a223b6d9445d246849f334
邮佳驾驶员培训有限公司报名点,ca9aa81ef9f8f0ad8f55ec2f
魔豆乐园(东绣店),f709c5f6bfc0dc7fa0acc469
越风美术活动基地,659130355de735aea8059d99
乐赢科技中心塘桥店,4879b6ab38adab803010af2d
韵达快递(静安八部服务站),742dc9c1b3a99e6525e0a09c
奥德费尔海运公司上海办事处,53560f3e326b38654d5547ff
美国时佑国际运通有限公司,3d60a068f1e5ce80fbf0cb9c
上海翔昀货运代理有限公司,d74999e093f00243c17da2e0
捷富凯-大田物流有限公司,5067b78393546ca70e3dda65
华宇采购物流有限公司,e2e7cff31c724cfa0c0a703e
挪威奥德费尔东展船运(上海)有限公司,7a8cc6614ae6e83b626858a4
上海中石化化工物流有限公司,c4800b0379b4d4672fe67ba4
上海恒隆物流有限公司,c1dccdc91c34d2b3b75f1ea7
上海市邮政速递物流有限公司市西分公司领馆签证服务处,d27958a2b2957f26f219373d
仁济医院体检中心,b3aa435db98b79121576435a
社区家电维修,1617f51c18440cb805026fe7
哈哈家政服务所,8f3bab4eb375050c9ce32157
幸福家电维修,7d35098ec8ef79512bd7ab42
龙立家电维修no.151,7dcd917d22d89d1f85420ed3
祝成社区家电维修,e4a32705f6a61eebfb22131d
永久呈捷维修中心,0e77f13b0b8f6dd6c056acb0
农夫山泉真光特约加盟水站,6c554576b2116b3ab817e718
正广和配水站,89873b09a4185da914c8f60c
开宜空调清洗(普陀店),3428f732fcfb6151100daad3
上海青兰保洁公司（静安区分部）,922e3226d84ff263fbdc85d1
上海院士风采馆,ea4a3dc9bf32b22f4e5547d1
锦雪苑-会议室,809de106d826335b72210bcd
法国UWANTART当代画廊,eb10fe89dd4116e384330466
丹青诗墨,22372aade26fb1ad601c676c
艺术景,bf6793574e15aa789de321d7
德品斋,40d1aa86bf4f9935130daab5
尚沪画廊,4ede9ce0ed6997a49d95de14
蓝天宾馆-会议中心,34152f32ed567f62d22dd62e
民生路浦东大道,fbd629c4ee7e54a7593ac8db
栖山路巨野路,3ad94f389017849f97031916
浦东大道民生路,29124fb8e4735f20c1364495
栖山路苗圃路,1a6d5c2b7f3fd0b908f5ebbd
昌邑路苗圃路（临时站）,3a19ed8348ad2b66f4e73b1d
昌邑路民生路,cc5a6494a3a762e9d0ff23eb
公利医院,0b1346493252e3a58b36eedb
商城路民生路,3e94a7378de5bd6033169b42
昌邑路苗圃路,d75445c0738c8f671b11d5f8
苗圃路定水路(公利医院),8ae5d83d2f99ca8ea21de907
申曼宾馆,49a02a7a384750592b201a0d
上海香槐园宾馆,e56bf5e38ea4f35d0682c2f2
雁荡主题酒店,8b1cba64c1e4354728b97caf
英凯大酒店,24d0550846d72fb612882462
汝家快捷酒店(上海复旦店),d219bb1dc04eb992f50e770d
格林豪泰酒店(上海大柏树店),b703e96bca814fe38f1a891b
宝隆美爵酒店,8fa14fc395843777f7eafc1e
布丁酒店(复旦店),eef2d528985429be3be4a60f
上海财大豪生大酒店,49d9593886565d5ac61e510e
甲辕精品酒店,34e4850882f2d0fbd9d891e5
中国福利彩票,8ddc724e604fa99eb3077d5b
彩票销售店,b00658edda5cfefcbadf8f9c
瑷美甲,288d6d2c8fddaf6c8f1a89a3
Miss Paris美甲屋,2560b9f8310a1bc9badf8f6e
苏韵美甲(新村路店),6113ef772dabf10d8e772714
45天美甲零售概念店(石泉路店),d967887b9e7352342811d196
杰西美甲,ecc3a1e3545d88cfd13ce37a
喵星人美甲,3f03d01aa5382baf21026273
45天美甲连锁(石泉路店),f9ff38299d302e0840ab9afc
指爱美甲(光新路店),2b693cd36a0bd0a7256e9883
靓点美甲工作室,9870c4cdd85dee01a80dd8c2
齐琳美甲,38e48037fe13c850373a71d5
上海平通速递服务公司,f9f9695a60ef7d270e0e6b8e
韵达快递(陆家嘴软件园便利店),8df41be1a86890b003ff2d10
名门国际货运代理(北京)有限公司上海分公司,84dddd8b93164607ce04ef3d
飞裕(中国)国际运输代理有限公司,3480bb00f2182d45240bd022
顺丰速运集团(上海)速运有限公司,18bce21b005daf498c55ecd3
中海集装箱运输股份有限公司(双鸽大厦西南),11f9a6e792719cce2b06ce60
均辉国际货运代理(上海)有限公司,5b6e2540b59583b24557264b
上海海亿船务有限公司,e1694ebfcfb74363c056acf5
上海金时捷货运代理有限公司,6ae7b438f09aa1678715416d
优益喜国际货物运输代理有限公司,88b708240d8ae09b0289726e
董家渡天主堂,8eb48fa1f48914a7f32d835a
书隐楼,34e48508971da5fbd8d891fc
老码头4库,b3412ca32cb8a9b300ec01e4
药王庙遗址,5cde7d029012103853e5c5b4
明徐光启故居,befdb292563159e287154106
梓园遗址,fa7da3e84c25376343d63eab
码头历史文化展示馆,b1cb1d2c7b5e531b5a3ac82a
上海复兴港仓库旧址,20b58ffd671af14499005051
江海南关验货场旧址,56b7d1e979d4039cfd0eb0fe
宜稼堂遗址,416caccc2377b8cc38e4a6b5
上海800艺术区东楼,7c7e2f83f69485a08bf15db1
上海徐悲鸿画室,e34f6a70a07a7be98e772746
小李炭花,216cd863c9fbcb2cb24c49b0
中国人民解放军南京政治学院上海分院门诊部,1836a51592ebcb80f7e73bea
黄兴路口,88481d40a5ebca6e213bf26c
五角场地铁站-5口,4eeee0ac1baecf2e095cb30d
上海800艺术区西楼,969b2673b2720b8e43e192a7
西域牛仔烧烤,850815e17fa5128243e192fd
松花江路345停车场-出入口,b45bf6e25ac0ecb2bbbd6329
上海商学院食堂,43345763a9d0a31cf50e7751
上海交通大学医学院附属第九人民医院-发热门诊,5211d2198b593a597dc8765c
第二医科大学第九医院整形口腔门诊,50fb64ffe8be1844e9f85358
上海交通大学医学院附属第九人民医院门诊医技综合楼,0f4260e8051975294251c01c
上海交通大学医学院附属第九人民医院-激光美容门诊,0921d071ada6b866d5b74eb3
上海交通大学医学院附属第九人民医院-妇科,73dcfe9a094c9b7158109386
上海交通大学医学院附属第九人民医院-长皮膏科,b8f2c040e0fab35e430245a0
西藏南路地铁站-1口,b57a7a4b5fa2c5694d2fdfaf
上海交通大学医学院附属第九人民医院-门诊部,55e27e3601c65cfe2fb17e2d
西藏南路地铁站-5口,c1cde5e981a7e0584bcc4a08
云餐厅（世博店）,9ee392b8d3879758babd63a6
上海不列颠英国学校,4a655d1a3d6128e12ce67b77
远中科研楼,8fa14fc3add00f6ff7eafcda
三之三幼儿园,2df4c6047a038f19eaf853bb
小龙鱼海联幼儿园,51301fd13d2c04570d0e6b1a
上海航天职工大学,0c82500d90b2ede31f389442
张家宅小学,aab4dc5b3a7fce6b4107c11d
上海外国语大学成人教育学院第九分部,7bfa08fc4843177c25d2bb06
上海师大旅游学院培训中心,10cc742e7070c77d57bfff11
上海师大信息与机电工程学院教学分部,08fc93dfd75fc2929b68b406
上海新发展亚太万豪酒店,2c0bd6c55662a6b343ab9ac5
金沙江大酒店,8fde79cce3a84ca695ca071e
齐河路商业街,b3aa435dc9a60912147643af
奇趣玩具文具,5e6d7e00fa341ec542d63e60
成语菜馆,eb88b27029b3142dcd04efc0
杭城大酒店,5508504d4de8d8d2c7f025fd
新沈家门海鲜城(开鲁路店),35debf29883f235da7da39bf
全氏私房菜(民京路店),6b9440c19dfabd7830169be7
乐家渔村(世界路店),803708f12f339a6001897231
玲珑海鲜,6c507191912a3828100daaac
北京片皮烤鸭,d7fd2ad37d19824d0bccdd22
老赵家常菜,79cceb36878026901e580074
盛氏龙虾烤鱼,b4d906ad6cd28b92a3acc4a4
笨山大叔,631c41572068887831f71d50
复旦大学附属中山医院分部,25ec69fccc87ab64c36c14a0
复旦大学附属中山医院,c59568f7ea574cb8a1a934ac
肿瘤医院,89fd4ea31b96655ee5e96550
复旦大学附属中山医院东院区,28fcd09182ca5d132b11d1c2
中山医院,fb06324479e039160b69d925
复旦大学附属儿科医院枫林路门诊,08f1f1f539a1c6d388db7357
上海计生所医院,f1f5cac50e124f8136b06c57
上海中医大学附属龙华医院,1e9a7c22a975391b62685876
复旦大学附属中山医院-门诊,336261bdde05dea284330424
闵行齿科医院,f633606aedb86c570b69d950
龙漕路,1f7e3d0b961641927269d3d9
石龙路,7b213011c7dc4b206da3ccd9
龙华,cb04a7fd08ff3e85b0077da6
龙华,1a0ec382ac4429fd9868b4fa
中国太平洋保险停车场-出入口,7906b07dee128459ab059dab
远中科研楼,8fa14fc3add00f6ff7eafcda
上中路隧道入口,2da8dac8fffc3f4371455bac
高优商务中心,d7f7f7fd3c5b8457130daa9d
上海行政学院,71e6f870a7654e9eb2077d81
市委党校食堂,30636ebc77cbe43f5e17c354
东北烧烤,c61bd3057cc60e71c27da223
上海师范大学快递收寄中心,8bf9810101bf5e814bcc4a25
上海瑞和门诊部,c69a11e985a7fce3077ce8ef
美美裁缝店,b5bfbb90bdfd221e4e2fdf6a
上海市第一人民医院-门诊,dc7db602ba6fc25340ab9adc
上海市第一人民医院-眼科中心,d219bb1db8ec31f6f40e7797
溧阳路口,4dd29f00d988580614c8f6d9
爱思儿童公园北门,08a7978db2e255f28bf15d62
上海AMY国际青年公寓四川北路店,af04322c4136d0519ee321a7
上海蜗牛国际青年旅舍,bab3a57843ac6b7a430245bb
上海城市管理职业技术学院(河南北路分校),f28286fdb31f6b376c47603b
膳道,cfe195d1cb7169202fb17e3f
上海民生中医门诊部,606ab0d00a97cc330e3dda57
1933老场坊4号楼,d0b5b16f7510988031f71d0d
上海威下信息技术咨询有限公司,8633692fbb8872f14c3a5920
易博士起名公司,5d2178ddb6c0c2521fe99924
上海盈持管理咨询有限公司,24a321da7e0c4316b5f42f0b
艾斐泰企业管理咨询有限公司,1777f3f0648ba855deee8ba3
上海墨器建筑咨询公司,2e9eb0af4a6f2b3314c9055f
上海市城市管理职业技术学院,25ec69fc8260917cc26c1421
野人岛烤肉(清溪路店),d419fc255e699a6cf423104c
学大教育(上海高桥校区),f6ef10b12ea65f1a5ed4fe5f
上海城市管理职业技术学院城市发展与生态环境研究中心,ddf11c1ea9adbfa10bf5eb88
上海高桥钢材市场北门,3bd361a917e54089871541d3
上海城市管理职业技术学院军工路校区-教学楼a楼,178f2eb2650b33b4336212e8
上海市建委行政学院(一号路),2243ca0a3462af57ad31e561
上海城市管理职业技术学院物业与智能化管理研究中心,01aeeea61a5a74a7e5073819
中共高桥石油化工公司委员会党校,7240a5ae7833141e631c670a
上海城市管理职业技术学院军工路校区-木结构建筑构造与装饰技术实训室,a1e9faf510f227577adbd207
上海福沁家纺专卖,4d289fcfe9d27e478c55ec38
老介福家用纺织品生活馆(西凌店),1830739d68bc47bd3904b152
雅家时尚,73c2c29fc06f5d70a4c75685
瑞星家纺上海连锁店,6a4c592059414e52fb2d61a1
广新布艺,10beacacd76d3bf5e9f85367
特耐布艺,f3c2373cae29df4bd22dd67e
斌森智能遮阳,f77a299fb5d13831e607388e
罗莱家纺(斜土路),f0d3c3ad7c567e9238221c2e
佰仟代婚庆礼仪,4ea5238871815df71ef74d10
绚丽婚礼会馆(长寿路旗舰店),ccd417594a1473e5f503b801
摩门婚礼企划,da7187dae6aeacd6e5e965ce
天天婚车租赁(艺典婚庆),33e5b578bcce92aeecdfcab0
壹鸣婚礼企划,7dece1e9747137a5eb56fae7
Weddingsday婚礼摄影工作室,795ad8678d53baf65abbbca5
汉未央汉式婚庆工作室,300233b34625faec9e82ea95
ONE WEDDING,05e2d820fdaeb2baf60e774c
致尚雅悦海外婚礼,fddbdd1fcb39db2817948e4a
天使爱美丽婚庆服务 Amelie Wedding,02b73d4db892d77809b93aeb
正圆韩式烤肉,cc6c2a4b0c59b8b9a8f72960
虹东韩国料理漕溪路店,c8b5cdefe0e6a71a120daa83
乐多韩国料理,07f3c8b562d6767a6340a983
摩休敦纳韩国年糕料理 中星城店,c6b22f69cf70d2223be4a618
运动源羽毛球培训中心(广粤路分部),dffd4642504e33ab3d9a5ef7
石心亭,d260f5c513a8bf00704b8749
禾绿回转寿司(东郊百联店),ef952731bf5a420ba3acc4fd
丸初章鱼君(东郊百联店),f7da155bced89cb616948e58
上海南空军械厂,ddc9c517c2be5083077ce805
上海市安装工程公司压力容器制造厂,4a625ab30db767f6cac3db17
上海南空通讯电器设备厂,cdcbe0e08983db741ef74d11
楼梯木线厂,1b6a809d93cbd54dadb22a71
无锡市双菱汽车空调制造厂,132fb487d9aadf448b2fb5d2
上海旌福货架厂,5a0ae0aece67666efbdc8501
上海机床模型厂,06d2dffd5c8285f788f15d20
上海第二丝绸机械厂,5211d219897338597dc87676
东海不锈钢制品厂,13b0c23ac46c42ab0f0a701f
上海铁路生活管理段四美商店,4ce10ce6765586b8441a3240
杨浦区五角场街道办事处铁路新村居民委员会,81ad6242e549922ff723105e
铁路新村居委会,d07ac9c991b96f8614b54b6a
铁路新村居委外来流动人员管理站,bead6ee5a01d1715754ff110
铁路车票代售点S28052,826ab3b80bf29e852e47332f
铁路车票代售点(四平路),1b33bc4ccb8359b9c51e5143
飞虹窗帘(虹梅路),230b30d018fd18a1a8175a4e
家具服装床上用品,995f93a8ca6c8b9df822130e
虹桥窗帘,03881498e1d66b5cf03cbacf
doimocucine,b1ae75de209d2f4945e274f7
威尔士健身俱乐部(卢湾店),56f2f696a8560e990aa8d464
海悦花园游泳健身会所,52a93c9f4d9e1f74f7eafcd2
一兆韦德(黄浦丽园会所),22e11407bc7edaadd5b74e6b
上海唤潮健身俱乐部,b1cb994a9e0f83330f0e6bbf
上海实力击剑俱乐部,883c5f2a3188e259dc1e525b
Tidecaller唤潮健身会所(马当路店),a7f1f4ba54ca8112f50e77be
威尔士健身俱乐部(汇景天地店),fa835ce23988bcafe812e4c7
亚力山大会馆(卢湾会馆),edd64ce13a7d65883fe2311d
金仕堡健身(马当路),0ca05cc144abf4c8ce04ef66
斯格威铂尔曼大酒店健身房,50fb64fff33a6744e9f853dc
太平洋长途汽车站,f2f15ffb38f25289631c67fc
沪铁长途客运站,07f3c8b52b0a4f626240a9ff
上海沪铁长途客运站-进口处,5c1faed5b1501bc84e554727
上海长途汽车客运总站(北进站口),8f932081dd6ea837626858fb
上海长途汽车客运总站,199afc6cddbec7e0e856fa43
白玉兰书院,766e7b1fd86b5ee84afc8deb
华东师范大学图书馆,6656d80177967139eddfcab1
华东师大(中山北路校区)-图书馆,e7dacbe994ba1a3f3ee231de
华东政法大学(长宁校区)-图书馆,289c52f1abb04c090482c247
华东政法大学-图书馆副楼,a368412d44037dca8f1a893d
华东政法大学(长宁校区)-红楼图书馆,d219bb1d0866818af50e7762
华阳路街道图书馆,bc09de21db69e70cdc1e52cc
上海宝璞医疗投资管理有限公司,2afb3471e8740afcbbbd63d6
上海长风跨采投资公司,d24e48ebaba2eac9afee7ae1
上海弘星投资有限公司,b7fce3afd374c0a57069d390
中璞投资管理有限公司,b136bd5753ab737bd813180a
上海时辰投资有限公司,b4e181c1ad0dc41c03ec01d3
上海北皆投资管理有限公司,9b2a946fed1626274d5547f5
中涵投资管理有限公司,34c9181ec7de25ff8bf15d0c
上海博财投资管理有限公司,0eeb7ad6fe972389f8221324
上海星坤投资管理有限公司,f1b8a0f566e724752afc48fa
上海骐骏投资发展有限公司,abfff71d5a91a681901fc9e5
仙霞新村街道,e36df58f01184eba2fb96d8e
珍粥道,ac0ec1b68f536e2759bbbc1e
新市南路葱油饼,b1c556e857db7315b426555a
振鼎鸡(新市南路店),9ee392b8e3b1e758bbbd6354
江湾大排档,e5b0ebc324e9174b3010afcb
新江龙虾海鲜大排档,9f97b1c58a89b41fb64f545a
来伊份(新市北路二店),04bdf4a398bd4256344aaee4
王师傅私房牛肉面(大柏树店),f179450767a3889129fc4887
招牌红烧牛肉面,5cd2bda79a0cc440a6da393c
木子鱼,effbd1c4a737312deedfcad1
重庆周氏麻辣烫(江湾分店),251374c94327cd26a11de9dc
宝嘉物业管理有限公司凯成苑管理处,342450adcd64ea4ee812e409
上海天道房地产开发有限公司,2ecb6b420e63dfd73ce2311d
上海上勤物业管理有限公司,8558125d92b6040a715e8022
上海宝嘉物业管理有限公司一天下大厦管理处,b5f5b5c880d56de79900503f
上海伟航物业管理有限公司,bf6c2af89f189d5b0782c221
宝丰大厦物业管理处,ca57c1aeb3d5a59317c8f6a1
钰鼎物业管理有限公司凯成苑管理处,8cf686a20f82d03c72455b18
上海香港广场物业管理有限公司,df16dd4e674e858dbe4842b9
上海新梅房地产开发有限公司,9bf674d5ab7c2158e5e965ef
上海铁亮物业管理公司,7d938dacf935e55c931fc99b
上海申远建筑装饰工程有限公司浦东设计中心,17b190c9b6609c6f5e17c339
九鼎建筑装饰工程有限公司上海浦东分公司,692b0dcdadec097036b06c8b
上海方森建筑装饰工程有限公司,2711a2eb3257a63b9d82eaca
澳大利亚麦德建筑公司上海代表处,ed51a705192be956f4e73b32
永怡建筑装饰工程公司,eef2723acff4c73603ff2d79
浙江宝厦建设有限公司上海办事处,40e0ed383a447acf9cf77988
东捷建设(集团)有限公司第七分公司,e9b1e78ecc0f7b2657bfffad
衡捷建筑工程有限公司,3351ca36e2fa1fbc157643de
阿凯笛斯建筑咨询(上海)有限公司(中融大厦),008a299f9e29f2d245e27430
海宏建设工程有限公司上海分公司,443851c81e2e85862e473307
格林威汽车销售(军工路店),7acb17dbcb09c220b21e36fb
广汽丰田(新港杨浦店),44207646b7587f6adeee8b27
东风雪铁龙上海智杰旗舰店,1beb05e709d05a34c26c1475
上海军达二手车交易中心,dbb7e2fe762d7b913517dce3
上海智杰汽车销售服务有限公司,e3ea8f9db2b49e015abbbce6
驭驾(上海)汽车销售服务有限公司,af64c087e4f17ff917948e86
纳智捷通越汽车生活馆(军工路店),a897a39b1853528945e2746b
上海世裕汽车销售服务有限公司纳智捷世裕汽车生活馆,ac432d4b28f8fa10400245ab
上海世裕汽车生活馆,9b3cec7ecc7833f503ff2d1a
二手车交易收购,ba069bd0b30ff6f4fbf0cbbf
上海锦维化工有限公司,29e767e6b7f3ff4463180912
上海加正化工有限公司,79ae42866e46481df4b91607
上海嘉日宝化工有限公司,c89b58873d67b92b97ec8477
上海凯鼎化工有限公司,98354f1657bbefed2db908f5
酾特化工（上海）有限公司,3225d25e162cfe0c14948e42
ChairClub,98ce1cacac40246c59bbbcea
朱宗庆打击乐教学系统(东艺分校),4e4d3a1b6b98b808f90cad64
雅马哈音乐中心(通利东艺店),61a3be7e437c93551894c62e
阳仁劳务服务所,dab6c685d82168cad6b74e30
阳仁家政服务,6bf094ee88a54bc1bbbd6343
家政,6f91393ceae51dba0b69d92b
上海友斐机电设备有限公司,46c4e40b34d92e2b8bb988cc
阿刚烧烤,be1ea5ef11ade6a614948e1a
达子碳火烤羊腿,46676f468834a23b2811d1d1
君君烧烤,69fcd6df9ad17736cb2915e8
茁悦教育,44fb1d5a800bd1de3517dc99
一韩烤肉(东书房路店),1fb2364bf989b7673586f42f
欧亚美浦东家具广场停车场出入口,3ea377c30a3566bf6140a95c
老五烧烤,956c8393ad2bc35d4f3a590f
神雕侠侣烧烤烤鱼(三林店),c3589e2b8db5f71b7369d330
育辛教育世博家园校区,5be356cfada99f1dd3ff23c3
北蔡社区卫生中心南新门诊部,a4c8000f2a879b45fa0cadab
长征影剧院,09185c56c1440944f119376a
上海艺纵广告有限公司,9c42c833e231222859bbbc7c
写意广告,f6c3a787512c408014a190b0
上海桥安室内装饰设计有限公司,4eb9178928370983f7e73b58
永博广告,960c828ad7ad7cef6b49f39d
达琪广告,4e3733b186d36f05d5b74e85
上海智强广告印刷,61cdba6a1f93e81b7702690b
上海蓝海广告有限公司,1eec3fff675a8783c7f50d8b
酾隶湘,0f521cfbefcd1f69f32d839f
长江刻字厂霍山路门市部,6983f4408d9047df71455bb7
上海进念室内设计装饰有限公司,8ca40148134f2a90ca2915df
理想控件编辑部,7a45c2f03f51037fbda2406e
上海双龙霓红灯广告制作有限公司,75331927693a2e72724b87fe
上海聚通建筑装潢工程有限公司,6878c60f46780aa3b45f1ecd
创安图文广告,0ec379eb912108c3d8ecedfe
上海城凯建筑设计有限公司(四平路),079d88252d118bf542024580
蓝天房屋装饰工程有限公司,2e1c985febd5677b1d1d1138
上海玩易文化传播有限公司,0c3b7e911d74fa9ec356ac67
灵琳广告,4452acffd602fd16715e805e
上海八百文化传播有限公司,4d5b46ce4c625ac78415413a
上海东方文化传播中心,ff0c229be4c9800451e5c59b
康健社区市民体质测试中心,b104ea888d61d564eb56fa2d
上海安波兴口腔门诊部,3b80d120f3fb9ede1ce9996e
康实美门诊部,08a9ec42f265112133169b75
思诚口腔门诊部,cd6371b4d70d26ce8f55ec81
上海恩诚口腔门诊部,943a603267a07ee19ff77919
康乐小区卫生服务站,f1f5cac5d7b8749936b06cd6
胡娟催眠工作室,b62349f6c62b88081c3894ae
尚齿口腔专科门诊部NO.16,d3da27c87f8111909ee321f0
口腔诊所(桂林东街),05e5fd56fc75095939221c82
上海未来路进修学院,23bbd5e2ea10889abca822af
盛大文化艺术进修学校,9fbfeef237c83044ede4a5c0
泰妃阁(宏伊广场店),ce1a70c214d02a7abda2407a
泰妃阁(南京东路店),8edfbb198e1999081e1d1109
Azian,f0c869783637825573455b33
甲泰,07720a0b6bac9ba43010afb9
融合马来西亚餐厅(南京东路店),590d12307f1534a1343a7177
星哈泰国餐厅,865a0ddbbb83486188f15dc0
胡姬·兰新加波风味餐厅(南京东路店),a62c7ed4af481228902ca366
星怡会(无限度店),38c9943ca37552268b2fb542
泰集,2a2ab884222d637bf02d834e
胡姬兰新加坡风味餐厅(人民广场店),3c47a4af8729a3420d3dda01
吉祥超市,d2a99e9a60d436d597ec846b
贝贝五金日用百货店,da0675585477b3e8b817e76f
联玺综合经营部,7f637f5dfab0adaf87420e49
汇红食品店,d5113dffbe623965e70738bc
宝山区联玺综合营业部,edfd18e06302fc658936eef3
洛生食品店,057676ab4c04ef76eedfcad0
上海交大-继续教育学院,5616c52ef500424aa7c7568b
普陀西南地区长风社区综合服务中心,a784f62149b077bb4251c01a
上海燃气市北销售公司普陀管理管线站,73f841053e5521d0a0a934a1
上海市特种设备安全技术中心,38eead328e9bcec42202200a
长征镇外来人口治安管理服务队,056a53eb6d4d2bd188db73b7
程家桥工商所,10b60f454da082bbb5147ff4
曹家渡派出所(北翟路),eb367503dca4686600ec010e
仁恒河滨花园居委会综治工作站,63f746ca7b968d3580a00c15
北新泾派出所哈密警务室,0b405f62059751f08bdb737f
上海市公安局普陀分局经侦支队,316cc30b764b15dcc51b75ce
定海路派出所夜间值勤岗,26780125e1425581a1046418
定海港路居委会来沪人员管理站,a4f49770661f73ed8e772718
定海街道定港居委会综治工作站,ddf45ec56abdd757250bd067
国家贝类加工技术研发分中心,5aa21b5615e768f6fbdc85fe
上海港复兴船务公司派出所,354b00a83332746c5abbbc9e
农业部水产品质量监督检验测试中心,bed267ee285de7287adbd2eb
农业部东海区渔业生态环境监测中心,7b91e085b71f557421026204
杨浦公安分局交警支队一中队,f696f3c24ef8ede81b11d5de
上海市公安局杨浦分局定海路派出所,c8a6d305400b5094420245b6
定海街道爱西居委会综治工作站,59e1e37fec81cd5a1c38943c
东北四季饺子王(商城路),803708f107f8f260008972ee
豪大大香鸡排(桃林路店),3b34169bcd810c7a0d3dda57
福建千里香馄饨,c7eca12bc31e5e2ee115f95e
老徽州咸肉菜饭骨头汤,08642b807dcb417d2fb96de7
豪味道大大鸡排(乳山路店),181653344844db1dfb2d6110
港式烧腊饭,1c4df833427e40053be4a6dd
兰州牛肉拉面,8fa14fc37a585e77f6eafcba
鸿记,0c5395528d2547376849f38f
沙县小吃,8ae918fe004bd9d90782c2fa
老徽州菜饭骨头汤,9a61d3355c192c3ef02d833a
龙柏一村,b1ef0c3daed36983fbdc851a
龙柏新村,365314731e09d32dadb22ad9
虹六村,3b629ca03638d3c93ce231e4
朱家巷,3554a9e6799e03af32f71d56
潘更浪,ae8728967024d3a9ca1b95d2
陈家塘,2598c6e6a702288bed74f8d6
龙船稍,514062a892509e1f30169b0d
和田布艺,6aca7783e5e8c2bed8eced68
上韓卉家纺,75a998dca0688731c6effb01
金鑫家纺,b9f712ff01f29925da2f28fe
西禾家纺,af6a7fac13efbfb2bd484257
恒源祥家纺,7bfa08fc3d504a6625d2bb69
永佳窗帘,935d1d9680404b2e9d82eacc
一加布店,a0771114c170972e102935da
凯盛床上用品打样仓库,a3389eea6d88e30c51e5c5d7
优家(万荣路),2e1549a535765fdb5a10935b
静尤家纺,1c369e9e915726bcd6851fa8
中国发展研究院自然医学研究中心,3d3840f37e6b5269e812e41b
上海海峡两岸法学研究中心,6d51a703aeb3295cc91b95c9
正安文化未来产业研究院,18dcdbb91fe80a9ab6f42fc5
豪祥职业介绍所,cfac0d8bb2a14327acee7a36
飘银劳务,f0eb2fd41d1cd276b5147fe8
南惠人力资源公司康桥办事处,6deee308c537e46929fc4862
上海迩海劳务家政有限公司,5fd09bfbb81787906c3e1ba0
德国博朗专柜,b73a5ba642625c32f603b87f
松下电器厨卫家电体验馆,82da974b01fde1ddc056acc4
福玛特（正大店）,407cfd06cebd03e909b93a31
瑞典Blueair直营店(正大广场店),4dd83c4766ddaaecfa0cadbc
oto,962d70c4ccdb4b872806ce36
kenwood,423a8ba6022d94fd4d2fdfa3
宝南商务中心,0a01532b52bfbe0ec91b95ea
七宝老街(1号入口),9af2c20e2b03e2dd7bf796d6
自行车租赁点,6f4b25690f5fdc2e9d82eae0
自行车租赁点,05e693be151921fdca29159f
七宝老街-2号口,2fc093daf55f1c68a3acc47a
七宝老街(2入口),d52ef7def549ce7b0b69d9a9
上海交大组织培养实训实验室,bd03eed7881e06c6aeb22a8a
阿迪达斯青少年足球训练营(农南路),79cceb36359568881e58000e
首尔碳烤,139b328fe6d95f322902e108
上海交大七宝校区-农学院教学实验实习场养殖中心,b4657181a876d4f7220220a3
上海金雪汽车租赁服务有限公司,92543e83127968a62902e127
百元眼镜店(靖宇东路店),33fbfa8331075bd80bf5ebd7
宝岛眼镜(国顺路店),8eb48fa1ca342ebff32d83c1
吴良材眼镜国顺店,b292b3aa86d6434fbe48426c
光明眼镜,756632fa970d3b21f02d8365
红星眼镜(靖宇东路店),00586108a93aebbc47e2748c
爱视眼镜靖宇店,4cf8d24eb66939fd9cf77975
环球钟表眼镜,bf2f1779b6493e8579dbd2a4
新视野平价眼镜超市延吉店,34059f976de86f4d70455b8e
益丰大药房平价眼镜专柜,36b82f1eb114877633621230
明视眼镜(控江路),c8b5cdefe3f3a61a120daa8c
2:0酒吧,d1469ee7c6bab57b8433043a
上海优佳酒店公寓,afe7724879c7ad284d2fdfa1
帝景阁,fc9a8ed6eed1f15aae080fc8
上海心安即是家酒店式公寓徐家汇店,2b62acec09f782cd35b06c70
源涞国际酒店式公寓(名仕苑),33a354de2f1ff3b628d7ab6f
必达典当,23a17d4c6a02ab922b06ce00
双彬投资管理,b418bef966a38f5407026fe8
上海涌奇投资咨询有限公司,366fdaadf23d4fc86cc02c66
长宁区人民法院涉诉民事纠纷调解室,6eb093a6aa43d661a2d230dc
长宁区人民法院诉调对接中心,3db12d5bfc945a718a36ee59
长宁区人民法院诉讼事务中心,1b931659463ec3e2eddfca9d
长宁法院立案大厅,983c2f2ade126018f32d83ba
上海市第一中级人民法院诉讼接待,b51c5554ecd7a3d408f5ebc3
上海市第一中级人民法院诉讼事务中心,3ccbb191a83f341e0bf5ebde
上海市第一中级法院,4646bf1cc3a6199eaa175a97
长宁区法院,0523a14130358e1cb23c8163
中国工商银行ATM,10d8f19f006eb88330169b26
中国农业银行ATM,d2e6b41431cdf9059de321be
上海银行ATM(市光60弄1-30号小区东),1434e37fc7073980990050bb
中国民生银行ATM,43223e23cda620df34b06cd7
中国民生银行,40109fc95ee3037ead0457f8
上海歌城自助餐(四川北路店),ea6935601dfa0270843304b5
温州牛肉馆,e229322809bb2248b34c4966
大昌成铁板烧(四川北路店),2e00c5dded687105d7851f58
美豪餐厅,71a65d42b78eb9249d95de29
意茶茶馆,cd179d9792522d26d3ff2397
中环共和新路综合枢纽站,c2bd2bda1ac4ad091b11d5c7
普陀区房管局长征镇办事处,62164121344c2a8cf03cbaa3
世界华人工商促进会中国办事处,81270c372c4c486cadb22aeb
百达敬老院,8eb48fa17d329ddbf32d83ef
上海通运海外引越事业所,c0438a1363315e512cb96d42
福建省福鼎市上海商会,80ed8570c84a7d244c3a59a0
上海燃气市北销售公司普陀管理管线站,73f841053e5521d0a0a934a1
上海市信息安全行业协会,532cc35fe53481a9d1f49ec0
普陀区地税分局长征税务所,8a8bfec065aacc90c336442d
长征镇社区家庭发展指导中心,c0740057500d6dd0882fb5fb
长征保安大队源恺物业分队,fd87d058ad011382fa42b29a
红申房产第五分公司,e0eb8429c04c760675e5b683
仁丰地产凉城分行,3d0e9334824fb36ef11937ff
仁丰地产,4d0ba3b9e44ffe76b5f42fec
易成房产(奎照路411弄小区西南),b7ad68c16ac8905e3b221c76
中原地产凉城no.2,57ed63e21f85b3382fb17eec
銀居房產,65f35ec2d55b3411095cb3ce
银居房产,3de93e13a4174201e812e48f
中原地产(中星凉城分行),6218b3afc57f359304026f2c
居云房产,c8fceae3af53e5bdeddfcabb
金管家房屋凉城分行,4fed63ca1444cf17c72ba14c
海拉汽车服务中心,a1df97df45c2b4b551e5c5ae
五菱汽车特约维修站,2d680c740bb8c4c1b54f5420
汽美工坊,155fabf83b8fc4dcfd0eb09f
上海友联汽车服务有限公司,55b3fbfe48aaf94a2efaa7f8
道达尔汽车服务中心,0743ba8d4e98301f1894c6eb
上海泽裕汽车销售有限公司,cd1da9c7cc01bd827ab55c25
威固授权专营店,5e551f9d2fdabf6828d7aba1
上海华荣汽车修理厂,108b1cea2ef441ad3586f447
顺冈汽车服务,36470e6bf9374279e60738f7
上海好易租汽车服务中心,872e88aeddbc5727c16c1402
上海嘉龙大厦,179b840e5a133f6bf603b83e
福瑞大厦,5094d665df881c0dad080fea
真新商务楼,c7eca12b22ae3f49e115f9ed
志能大楼,dffd46420274e1b33d9a5ea1
祥和大厦,ef773a0fdb717335220220cb
上海胜益商务中心,e2c734e433a30f5e15a19037
曹安商务园7号楼,12d7b056cc6fe8903ce2315c
振光大厦-1号楼,61776dff93a26f9c3f9a5e9f
克拉斯综合大楼,5ce2637d55d11550ae31e5c5
振光大厦-2号楼,539178e7c0ee54c60f0e6b37
倩怡养生纤体中心,9ace194d947ce9579ce3211b
唯伊美纤体养生会所（四川北路店）,4a37fba22b6b2bc4d23ce351
芝宇瘦身,bd5046e80a63ee58d72ce23e
爱玛纤体,e204b27af3e8f6005d17c315
贝姿纤体养生馆,45edd8987ec57c192102206c
贝姿纤体(山阴店),3f6a3f25b852190db34c493e
川页瘦身(虹口店),3cb7615d9e883988ad0457a0
鸿完美磁旋瘦身馆,7acd5bf05d2509b2ab059d54
香山瘦身(四川店),5e53af1aa2bacc464151c02b
影茗瘦身站(虹口店),e308284841689da6b34c4939
万象物流乳山店,b8577c199b7858a2c51b75d4
圆通速递梅园公司,064aadce704bb66651e5c54e
中国石油天然气运输公司上海石油管道物流分公司,9bf020d4e3b8eab06f4760f3
上海海螺物流有限公司,6dc538662ac12c3172455bcd
上海聚溢物流有限公司,f2724d8a78267c28c41e514f
浦东新区慈善超市配送中心,5859400bda4f832e17b54bef
申通快递(松林路网点),2b529b55e43a8d5817b54b8d
韵达快递(陆家嘴松林路服务部),54195bd1742136f843e192fd
上海长航国际海运有限公司,981c5407c7aa3d2f4c3a5983
韵达快递(中建便民寄存点分部),6f09c7d671d874f254bffff0
上海烟草集团烟酒专卖店普016,f3c2373c65bde653d22dd6fa
洋河蓝色经典晟宏烟酒行镇坪店,b94489dfb41447d5abf0cdec
今朝烟酒商店,d84ede99368eaebc260bd05e
上海烟草集团烟酒专卖店普024,c16534058977b178ab175ac0
鑫旺烟酒店,ac4caf0207f7b79346e274cd
晟宏烟酒行,803708f152134104018972f5
青荣烟酒坊,0aec2318044d06d22b11d187
五粮液光新路店,590210b8574a9974a21de976
绍兴坛酒坊石泉路店,22f055d99ae84403704b87e4
蒙哲烟酒坊,4ce10ce67a308ab8451a329f
顾村建筑实业公司,a5ef680f7e79e9d6b9df8f6a
上海舆鑫建筑防水工程有限公司,52dd8dce5125baabf82d61fd
上海陆海建设公司捷灵分公司,aa1985f1783891914c6d461e
广西建工集团第二建筑工程有限公司,9cb3257974c8a89d220262be
锦绣商务中心,c05a3eee0ea4e7c8990050af
绿川假日广场,4a4e81c427af1e7c94ec8452
锦绣路地铁站-2口,3af6d1c8d04c10849e82eaf5
市中教育北蔡分校,b610a8708b949a4dc27da2f8
野人岛烤肉(北中路店),bac5cfc55f743c0c4154d759
东北烧烤,a423a53cdc88675c75e5b6c0
铭仕洋服,45f2c65d31c2431a22022088
北蔡社区卫生中心南新门诊部,a4c8000f2a879b45fa0cadab
西域烧烤海鲜龙虾,a9f9c73917310eb658109363
茂业华美达广场酒店-商务中心,9a601bd67b70209eae0457cd
热带风暴-停车场,4642844a6c8cc1d8c9fa5f62
大润发停车场,db3edf5463c8bf6f9b68b4c6
大润发汽车停车场,78390722e4eb7fb34254d7bc
港澳购物中心-停车场,e116be54852d6906c91b95d8
热带风暴-停车场,933a14d30a2a846b715e8039
热带风暴-停车场,2ed9d26b0cbaa571c61e5179
热带风暴-停车场,b62737b3856164d285330481
闵行体育馆-停车场,0020f65dd460a67cf50e7717
闵行区绿化管理所停车场,caac37a1bb4000b79b68b4b0
卜蜂莲花新镇路店-停车场,be54cde9a503bf2578f796d8
沪东科技进修学院平凉教学点,da88700d0cf6faf2b2077d3a
义方电视学堂,0d62df31026cd7968f55ec83
新东方长阳泡泡少儿中心,ffea12584c6a52f84d2fdf9b
吉的堡少儿英语(控江路店),1c5f4ebd6211219b932ca386
东方社区信息苑(江浦苑),170053b2b5ff8ab1b35c6a9f
上海百科教育进修学校,9e551b3ca5203b4a86420e34
知音音乐艺术专修学校百联西郊分校,f4a33da9c20cec0b3010afe0
EF英孚教育青少儿英语(百联西郊中心),e496ac068b55c98da7c75628
古北舞蹈培训中心,a0a8408b0f88514ed518b713
上海国际节能环保园,2fd2beabc49db92e7adbd274
上海轻玻都市型工业园区,37d60a4693740a611e1d1165
上海市儿童医院-门诊,89fd4ea380f9ee3ae4e96597
上海市静安区业余大学,cb4fd14695acfb409c9d68bc
静安区中心医院-住院部,3be122e14e0cdc2f1ff74d90
新车间,56e88cba8343037ca4c756c4
上海乐途国际青年旅舍(静安店),764672e5f4741ab494ec8415
EF英孚教育亚太区总部,4b305ad7454eb555ad31e524
宝业静安紫苑行政公馆,a0f8e66db8862405bca82297
上海市儿童医院-特需门诊,1ee33942cbe72a674f3a59b4
上海M国际青年旅社,50d7b7e7697eb70b2bd7ab71
上海市眼病防治中心-门诊,dab7b88acf99f75e2b3a9f93
迎博医院,9f97b1c58c8ab61fb64f5455
上海市疾病预防控制中心健康检查站(驾驶员体检十五分站),923ffd005f8c0daed92f282a
迎博社区卫生服务中心,8be768afcb9f2c3bcac3dbca
新里程社区卫生站,1baa29224aa61dfbc61b7521
北蔡镇艾南卫生室,80e67edb4916fad17dc876a1
爱博牙科,c0b5af990ffabb6b220262a5
三林镇东明村卫生室,2734eb4a51d8a9bfeddfcacd
浦东牙科(板泉路店),25887b18c56477e9b817e781
上海建铭口腔诊所,772fbe92f69b3bc142d63e2e
上海远洋宾馆,a1418eb40a3f7666ebe5821e
富驿时尚酒店(北外滩店),1a6217385160c86832f71d5e
桔子酒店(北外滩东大名路店),dffd631c62fc17a538221c0d
上海索纳特大酒店,9ea730158db1da0528b97c6b
思慕精品酒店,64ff3be1e4f052a291114cea
上海北外滩东信酒店,43b7e88966d8b87358f6be1c
莫泰168酒店(霍山路店),56f2f696a8630e990aa8d41b
如家快捷酒店(上海北外滩大连路地铁站店),4ce10ce6698cfbb8441a321b
格林豪泰酒店(外滩国际客运中心快捷店),cea70677b93e7946ab0dd822
鹏欣外滩悦榕庄酒店,4278b4f23219ca3da80dd8ef
上海长征医院-门诊部,464b55ddbe55550e0e3dda32
国际青年旅舍(苏州河畔店),d5f93c0eea675745eddfca1a
新东方人民广场校区,1ce34f9e14e7e15b213bf264
上海长征医院-住院部,637057e56529660f3b221c49
明堂·新易途国际青年旅社,4ce10ce6698ffbb8441a321a
南京西路地铁站-2口,9f5aac717daa7aedab0dd8af
明天广场jw万豪酒店停车场-入口,9215ea2dee92ed6db05c6ab3
财庆君旅馆,dc0f0adcf77cf438f822131e
宝业静安紫苑行政公馆,a0f8e66db8862405bca82297
南京西路地铁站-1口,7b017d4c0fc26a3b8f1a89d4
永琪美容美发(云雾山路店),c8e8f6333fd28975ab0dd800
欧梵国际造型（大渡河店）,6cff855be330547836b06c16
丝域美发馆,6c4484825ca18b2c3b221c26
精剪坊,3739f847cb8daaf7461a3258
金匠美发沙龙,56f2f696a87a0e990aa8d400
简造型,14926c26800b7652901fc947
常帮小李理发,cf9828da219abf3c2b06ce5e
魅力100造型,b388f9fdb6b0d958b35c6a25
丝域养发馆（花城店）,ad1a973db4899182f02d8370
合颜悦色(古北店),4fc3161a7f2540b03a13fdc1
上海华佳医院,083a55faf4b5d678246e9826
杨浦区中心医院中原分院,3be122e1d5fc274b1ef74dfc
华康护理院,c61bd30505a13969c27da226
杨浦区牙病防治所中原门诊部,881a28e7ab02845ef942b2c5
民京社区卫生服务站,18e58b2383bfd787c336448c
国和社区卫生服务站,54ab29859b37c9a18bfc069f
长海医院临床神经医学中心康复中心,6f571bbd73abeb4800ff2d73
杨浦区中心医院中原分院-门诊,ea82664f9011a3b97dc87609
电脑医院,12387ff697626f851ef74d9c
杨浦区殷行社区卫生服务中心(国和路),2a000a4a81c3a3e1c1f1cfcf
重庆麻辣烫香吧岛龙虾,2848ffd61bd5791648cc4a21
河南滋补烩面,7d5f3a0a794717522cb908c2
小胖烧饼,4edf9fbf742a9f8dcc06a420
林氏十三香,9e7d14b3ddebd1ebede4a584
红辣椒麻辣烫,47c3261d6d8a2de2601c67d1
齐记麻辣烫,e171edf096dc27d64e2fdf2b
来伊份(东书房路店),bec478126c12c98549fc8d25
苏州藏书羊肉面馆,bf9ac225f707eb3b6cc02c08
品皖园包子,034b601b509460baa6da39fc
新煮艺砂锅麻辣烫,1fd3084ffdcbe38a430245ff
红村棋牌室,6506d0d1e6af4d9df7eafce2
古朴棋牌室,c74c95d9820359f47f29bd0d
虹泉电玩城,77d56f9fb06870e30ab93aac
元高棋牌,b4a0dcaa812221170aa8d4c7
元来网络会所,b0362971f312c212bb17e7aa
茶艺棋牌,f5ba5983a489d09d0e3ddaf6
金汇动漫城,d4034eb36c04c188c13644a7
富庄棋牌餐饮足浴休闲,361401edfcafe56ab21e36a0
星座棋牌会所,adb148677d18b1a16b49f3ba
摊牌小聚,fa7640c8e5109a7e1ef74d37
