e3a7fd13a7d0264b29b97c9a,苏浙汇(古北店)
81143f488e0464099d09f727,御花园酒店(元一希尔顿店)
a0fd68b3ee0a211857bfffb2,逸庐乐队餐厅酒吧
c7e07c5d6e0d1af5fa42b2e2,海逸海鲜(古北店)
72bd6ef5209643fdc336443f,鼎王无老养生锅(黄金城道店)
c7fb04bd404c0a0cfa0cadc9,朵馥苑酒家(古羊路店)
78bd50f7df50a64230870ae6,颐丰花园
6ee010204d2b66f653e5c594,鲜墙房(虹桥路店)
d1469ee7c060b77b853304e0,初花日本料理
7503683517dab7b65e0d027e,平壤高丽餐厅
5508504d7b9ea6d2c7f0256f,宝燕壹号海鲜餐厅(古美店)
d1469ee7c043b77b853304bd,宏量大酒店
1bf85b25c9b03ebda1a934c6,小龙酒家徐汇店
79cceb367d8350901e580078,古道村落(古美路店)
9ee392b8e024e858bbbd63c1,旺晖火锅城(古美路店)
72aa25131a65095e077ce80c,天晟茶楼棋牌
dc12d6594df090fcc16c144c,宏亮餐厅
91f828ef756a2fe4d3ff23f0,韶山冲湘菜馆(桂平路店)
2527be1e36d450aa4bfc8dbd,宏亮餐厅
9ee392b8e39de758babd63a8,农屋里香饭店
251374c95cabc226a01de9a8,千禧海鸥大酒店七色光中餐厅
be946b585ab9eee9d72ce2b1,SATO锦
74c933fb94d364479f82eaa8,千禧海鸥大酒店欧咖啡餐厅
850815e17e411d8242e19299,美林阁·婚宴(虹桥店)
90d443c7d7af66cc72210bff,西郊壹号
be54cde978f70c4179f79688,上井(吴中店)
a1418eb409997766eae58280,唐宫壹号(虹许路店)
5749350a90da880308ccddcf,小吉士上海菜
844a750e08297ba0636858af,肯德基(虹许店)
9f97b1c58ac7b41fb74f5488,鱼町居酒屋
1865ac65cc262d7058109372,洞子张老匠火锅(虹梅路店)
a67862a77d7168a29ff779a2,天禧嘉福璞缇客酒店中餐厅
4eb3b5332165056c42024588,日日旺火锅城
9295bcd0eecd5a472a02e1c6,姻缘签串串麻辣料理馆
79dd7a05012a91f71b94c633,巷语私房料理
62f6a0e1ab077d97ab0dd8fb,雾山地道韩国料理
f32cb4861bf297eb17c8f6cf,万丽轩(田林路店)
33fbfa833d6927d80bf5eb6d,西域盛宴古美店
349f9a6ad8af28fad8eced1a,Talk Tan
030a22448f144fc7601c67ec,湘鄂情(漕虹店)
d7f6d4d26284efb7223bf202,棒!约翰(漕河泾店)
a5ef680f3549aeceb8df8fb2,一番屋
12bd6424a3bc803ba8059ddd,RICCI Creative Eats(漕河泾店)
4def19f04803e46e095cb388,旬香亭日本料理
43b7e88914b4c67358f6bec8,千秋膳房古北店
951416c7bae6225785420ee7,韩国餐厅发松松
c61bd3057d430171c27da25c,晶浦会·婚宴(虹桥路店)
50f7d146900afbdd72210bcf,唻吃面(古羊路店)
553a45a1bd47451b71210be5,越南美食安宫
f88cd12ffd8d086e41d63ea7,三和美食
cdef4edf09caa15728d7ab47,万藏(古羊路店)
74c933fb957a6b479e82eac3,卢记麻辣鸳鸯火锅
5508504d4a0bd7d2c6f025e0,千秋膳房(黄金城道店)
0ed20a15aa61ed8e57bfff6f,居酒屋酉一
f7928f7fa4c4e77eb320a897,千年瓦房
5e1c2fcf4a9a6390bbdf8f14,顺风大酒店(吴中路店)
e479f5b40b55f28342d63e5a,喜来稀肉(古羊路店)
7524cb4f20768b2d05026f8b,蜀轩川菜
a3f21eee3c261d5d2fb17e5b,赛百味(桂平路店)
69ff7781c73e97d309a8d44d,点水楼
f696f3c26bc4c0f21b11d5c0,兴园坊
d98e33a76beddafdc71b754f,海味和(虹梅路店)
d991e1162264f54c1e389488,红花铁板烧
a12baa407c69564fe856fada,粤轩中餐厅
cb4fd1465073bc589d9d68fc,元全日制餐厅
3be122e1d5d0274b1ef74d20,鸿星海鲜酒家(元一大厦店)
b0d056f2a860c467cac3dbc6,寿司天家古北店
59dc631543a2afb5b2077daa,讃岐田野(红松东路店)
358161dcd148816aca09f0af,吉之宗日本料理
3f9337d6f5288daaf7231049,竹若金枪鱼(古北店)
c5270962db5137643913fd0c,虎连坊日本料理
c21db9e5e3a0aa9a01ff2de0,河村
72aa251310a9775e077ce858,牛奶棚(虹梅路店)
f1f5cac508464d8137b06c8b,天心阁湘菜馆
e2c734e41cd3224415a190dd,黔庄
5137a257a1c36eaad8ecedcd,捞王锅物料理(吴中店)
0dc3d82ddc844d7574e5b6e5,刘一手火锅(吴中路店)
cdef4edf0ad7be5728d7ab50,巴国布衣(吴中路店)
cac5fc768614f3ea2db96d8b,天安门
606ab0d008e6ce330f3ddae4,酣庭院韩国料理（红松东路店）
438fa1257badf6d80f0e6bda,阿拉屋里厢
e48a57082069f454ae31e5a6,もんじゃ藏文字烧
7c9a50aa859cd882932ca3c3,__
b9cea141652b0018f23cba7c,醉湘思
e889a74440c39dac8705bfe7,青叶台湾料理(长宁店)
923ffd004c4870aed82f28e6,争鲜回转寿司(古北店)
49d9593887da5c5ac71e519a,千秋小馆
dffd4642666b4dab3d9a5e9a,豆捞坊(古北店)
0fecb83d37dabd70e5e96535,Green House
089bab50e214f68dac080ff8,一味
a1418eb409817766eae58298,Tetote Japanese Restaurant
7c5e480b38301fadadb22ad8,杰森法式养身铁板烧
daa5112648a7a4c2a2a93440,鱼介海鲜怀石料理
a12baa406e98244fe956fae5,华纳时尚酒店西餐厅
f757e6ee7624890e260bd0c6,海底捞(吴中路店)
35debf298834235da7da3986,粤珍轩酒楼吴中店
e93761f642a6b215233bf2a8,东湖轩
9ee7cc788489416917c905a1,维加斯餐厅
06dc35cc4c80721643afe6f0,巫山烤全鱼(水城路店)
75d0881a9fd738543b04b188,沈记靓汤(虹许店)
a74481d66526435ff403b889,毛家湘味楼(虹梅店)
22e11407bffbdbadd4b74ee6,赛百味(六月汇店)
2ad32cc38425b8969d95de2f,纽约客匹萨(古北店)
15e1e85eb00786bb59109398,晶采轩餐厅虹桥路店
bcaebff8be5c9b4dc8e33c9b,辉哥海鲜火锅(虹桥路店)
d991e116238afa4c1f3894de,大渔铁板烧(虹许店)
606ab0d00904c1330e3ddac6,天圣火锅吴中店
b533ea4a8101f8584f6d4633,东北农家菜(环镇南路)
e85e25272a4e9d4a94f08ca8,中国餐馆
cd9d05dd6fe602af85420e03,柚子(虹桥店)
00f1c7fbb005cc06c056ac00,味藏铁板烧(娄山关路店)
48eb00589c386ab42ee67b8b,祥利港式茶餐厅
451fb45f3b72ab514afc8d28,酒花Sakabana
fa835ce20f59ceafe912e494,函极博
0209f2f32da85fa6931fc947,章鱼大丸子
e85e25272bc5924a95f08cdd,杰纳罗意大利餐厅
153982e3c4afd78801ff2da4,刘家厨房私房菜
8fa14fc3b7bd156df7eafc3b,吉辰(虹桥路店)
328345877c628f49f60e7767,上海会馆(高岛屋店)
f4a33da9b52dff103010afde,光琳
d6df91c1393c7b73f7b91609,廊桥坊餐厅
64ff3be1f6c02ca291114c9a,陵水酒家(金丰·维也纳广场南)
5ffb181689a4d8466f47606b,厨官
648d154759c82134adb22a29,家康
895c33972c7d8dc0f119378e,普乐酱蟹
ffdda82f18e477b82a3a9fa8,活力一番
1cea15a951ca82dc07fef522,味千拉面(虹梅路店)
11ecef1ebd83a7b5770269ca,飞翼有机菜园古北店
c61bd3054fc47371c27da2dd,美伊娜日式意大利餐厅
6113ef771317830d8f7727e0,大风车餐馆
030fcd08199884a38b2fb5db,The TERRACE(黄金城道店)
8fdca587f549674c5a3ac8a6,妈妈菜
92b806d23a0b71e779b55cc1,怡和轩
3958035334f93f3fe6e9653e,三河谷
b3aa435dc2b90612147643a4,赛百味(金珠路店)
750ec165eb10a7324d3a59e6,多味小吃店(荣华东道)
3f826ed39df8105fd1f49e3a,九井自慢料理(虹梅路店)
b388f9fd8e4db158b25c6a88,德庄火锅(虹梅路店)
6deee30896adb57329fc48d6,木
b533ea4a852cf4584f6d46d6,Bristro Parisienne
b1c556e848f60415b52655af,和心小料理
3810c879831ed1929d09f799,名豪鱼翅海鲜(长宁店)
2a3409f80ce88afa88fc0639,和花园 W Garden
cc788fde7161d19388fc060f,蓝蛙(虹梅店)
3ec8fba88a48af05bb17e7b9,蓝堡啤酒屋(黄金城道店)
08fc93dfb1ece0889a68b489,大吉(虹梅店)
e889a7443187ecac8705bfab,松和日本料理
72e57fd7a83151b6f9dc8598,鹿港小镇(水城店)
d6323cc32658eac3df1e5250,隐山(水城南路店)
55fa2c0b49d0e1341de999e7,申汇轩·婚宴(伊犁路店)
1bf85b25aded12a7a1a93437,贝师傅湘菜馆
e6ee2fd2ff6f95512b11d134,东北家乡菜馆
e56bf5e3f80a855d0782c214,水之城咖啡餐饮(古北店)
e3e2cd9d16c545fac6f50de0,大谷季节料理
5b25f4462eed10f3102935c7,正一品(钱江商务广场店)
06759875061229f0220262f9,雪月花烧肉
a12baa40799d514fe956fae6,味小屋料理
623561bda7ee18dabb17e766,炼火
550fd5f96ce29060931fc9cc,上井(古羊店)
3a0fbba85b64e8589ee321cc,偶巴尔坛餐厅
78bd50f72c32d74231870a47,新南华大酒店餐厅
53192d8c12775fd1afee7a9a,港仔港式茶餐厅
2848ffd615240b1649cc4a90,知味轩
f9d5b36c9a9f97ed932ca3a3,植藤 古北店
43b7e8896565b97359f6be9b,鹿港老镇四季餐厅
ac15d941ecfa8c9271455bfc,Bellagio
22402d598fe1657efe0eb0a9,赛百味(宜山路店)
f73d57bc750e9dad6f4760a4,馍谷美厨茶餐厅
8f7690a461b600102b3a9ff6,逸品锅
f1b9f2d4ba333033912ca342,金粤渔村虹桥国贸店
7d5f3a0a68a568522db908e0,阿一鲍鱼
881a28e7b6e4ff5ef842b2e7,王品台塑牛排(仙霞店)
a44d7e82b6f14a60223bf29b,有喜屋
1bf85b25d23647bda1a93448,食特美烧肉
cac5fc768631f3ea2db96de6,绍兴酒场妃香酒馆(荣华东道店)
bcaebff8be629b4dc8e33c99,亨福饭店
15ed53ced54b7e4d9322e09d,エビス参
f633606ad02661570b69d9c6,七婆串串香火锅
5b25f44635f36bf3102935cd,新来华大酒店
50f7d14693c6f4dd73210b9b,御香海(虹桥店)
eb3675036f62db0201ec01a1,万寿亭(古北店)
e889a74440f79dac8705bf9b,一栈韩风中华料理(古北店)
50fb64ff364d225ce9f85334,灵的餐厅
61f634f6ff88e7616a49f380,PORTA NOVA
3da28dc4e9fcc7f8bca82260,烧肉一筋
44207646ffc54772dfee8b98,伊藤新苑烧肉
9205f474e64852d00ab93a15,素香茶语
aa40108b61f32d0cc4effbe3,巴谷乡情(仙霞店)
2c0bd6c5464fd6b343ab9ade,凌泷阁
7e246f66c4e259bcc909f0b9,H-Acca(古北店)
083a55fa8dd5e160246e98de,湘菜馆(仙霞路)
e5888a78233e52744054d706,有喜屋居酒屋
fc767524396ce9e34f776e94,新旺茶餐厅(仙霞店)
50f7d146901ffbdd72210bc0,窑洞小厨(苍梧店)
bba87388f9eb5bb9bda822e6,纹兵卫(古北店)
52b8eea90b91483db04c4944,华越楼-越南餐厅(古北店)
74c933fb94a764479f82ea94,祖祖餐厅(虹桥路)
1c4b086227ee485490114cc7,隐山(虹桥路店)
f2273fdb7614ed6625e0a04c,神乐坂日本烧肉
cd9d05dd6f4702af84420ee0,一期一会温故知新
d991e1162241f54c1e3894e7,涟波
375ae741a964e930343a71d2,园邸法式铁板烧|松和日本料理
08f1f1f53fd0c4d389db73e6,伊豆炭火烧肉
101bc61b7410e3bac52ba1e7,上雅铁板烧(长宁店)
cc4c80d5fa134c230aa8d4af,新福记香港餐厅
3dc9befd7b7f840fbea240ce,双子庵日本料理
504d6113c56d02aa475726e2,福家
108b1cea698900b53486f498,虹桥6号酒家
f757e6ee77f3860e270bd09b,大有轩
e69a6d7f07d7fd8a2dfaa7c8,Johnny Moo(高岛屋店)
f1a8de7e1645fafdb726550c,あじや味屋
fa01e93716d20c53764ff194,小南国日式烧烤(古北店)
387d4b1e120753bfdb131879,和幸wako
69fcd6df8ad70736cb2915e6,灵怡一番屋
41851a0fadd67d389cf77900,Cork咖啡西餐厅咖啡
addc9ebca43dcb50d6b74e78,函极博韩国料理
a4e1899a38502eb3fa42b23f,五_
72513b26e2bf349d9022e054,琥珀大胜轩
ebff6f2cf790c2e59e82ea75,小神鲜餐厅(仙霞路店)
be54cde978e70c4179f79698,康乃馨食府·婚宴(古北店)
